03 02 2019 00:00:54,22.43939208984375
03 02 2019 00:01:54,22.173954010009766
03 02 2019 00:02:54,22.093313217163086
03 02 2019 00:03:54,22.254592895507812
03 02 2019 00:04:54,22.291553497314453
03 02 2019 00:05:54,22.728351593017578
03 02 2019 00:06:54,21.952194213867188
03 02 2019 00:07:55,22.338592529296875
03 02 2019 00:08:55,21.76739501953125
03 02 2019 00:09:55,22.026113510131836
03 02 2019 00:10:55,22.04291343688965
03 02 2019 00:11:55,21.79763412475586
03 02 2019 00:12:55,21.800994873046875
03 02 2019 00:13:55,22.526752471923828
03 02 2019 00:14:55,22.778751373291016
03 02 2019 00:15:55,21.837955474853516
03 02 2019 00:16:55,22.54355239868164
03 02 2019 00:17:55,21.958913803100586
03 02 2019 00:18:55,21.831233978271484
03 02 2019 00:19:55,22.422592163085938
03 02 2019 00:20:56,21.532196044921875
03 02 2019 00:21:56,21.569154739379883
03 02 2019 00:22:56,21.97907257080078
03 02 2019 00:23:56,21.747234344482422
03 02 2019 00:24:56,21.377635955810547
03 02 2019 00:25:56,22.016033172607422
03 02 2019 00:26:56,21.921955108642578
03 02 2019 00:27:56,21.703556060791016
03 02 2019 00:28:56,21.753955841064453
03 02 2019 00:29:56,21.599395751953125
03 02 2019 00:30:56,21.451555252075195
03 02 2019 00:31:56,22.355392456054688
03 02 2019 00:32:56,21.874914169311523
03 02 2019 00:33:56,21.59603500366211
03 02 2019 00:34:57,21.085317611694336
03 02 2019 00:35:57,21.233156204223633
03 02 2019 00:36:57,21.35747528076172
03 02 2019 00:37:57,22.136993408203125
03 02 2019 00:38:57,21.108837127685547
03 02 2019 00:39:57,21.79763412475586
03 02 2019 00:40:57,22.120193481445312
03 02 2019 00:41:57,21.380996704101562
03 02 2019 00:42:57,21.22979736328125
03 02 2019 00:43:57,21.538915634155273
03 02 2019 00:44:57,22.17059326171875
03 02 2019 00:45:57,21.764034271240234
03 02 2019 00:46:57,21.475074768066406
03 02 2019 00:47:58,21.451555252075195
03 02 2019 00:48:58,21.30707550048828
03 02 2019 00:49:58,20.561159133911133
03 02 2019 00:50:58,21.76739501953125
03 02 2019 00:51:58,21.579235076904297
03 02 2019 00:52:58,21.384355545043945
03 02 2019 00:53:58,21.05843734741211
03 02 2019 00:54:58,21.84467315673828
03 02 2019 00:55:58,21.968994140625
03 02 2019 00:56:58,22.07315444946289
03 02 2019 00:57:58,21.629634857177734
03 02 2019 00:58:58,22.2445125579834
03 02 2019 00:59:58,21.948833465576172
03 02 2019 01:00:58,22.415870666503906
03 02 2019 01:01:58,21.84467315673828
03 02 2019 01:02:58,20.81987762451172
03 02 2019 01:03:58,21.861473083496094
03 02 2019 01:04:59,22.086593627929688
03 02 2019 01:05:59,22.620830535888672
03 02 2019 01:06:59,22.04627227783203
03 02 2019 01:07:59,22.160512924194336
03 02 2019 01:08:59,21.807714462280273
03 02 2019 01:09:59,21.9757137298584
03 02 2019 01:10:59,22.493152618408203
03 02 2019 01:11:59,21.935394287109375
03 02 2019 01:12:59,22.24787139892578
03 02 2019 01:13:59,21.918594360351562
03 02 2019 01:14:59,21.270116806030273
03 02 2019 01:15:59,21.807714462280273
03 02 2019 01:16:59,22.620830535888672
03 02 2019 01:17:59,21.4381160736084
03 02 2019 01:19:00,21.881633758544922
03 02 2019 01:20:00,22.049633026123047
03 02 2019 01:21:00,21.7001953125
03 02 2019 01:22:00,23.773305892944336
03 02 2019 01:23:00,21.942113876342773
03 02 2019 01:24:00,21.955554962158203
03 02 2019 01:25:00,21.982433319091797
03 02 2019 01:26:00,22.553630828857422
03 02 2019 01:27:00,21.545635223388672
03 02 2019 01:28:00,21.884994506835938
03 02 2019 01:29:00,22.620830535888672
03 02 2019 01:30:00,21.770755767822266
03 02 2019 01:31:00,21.891714096069336
03 02 2019 01:32:00,21.041637420654297
03 02 2019 01:33:01,21.85811424255371
03 02 2019 01:34:01,21.135717391967773
03 02 2019 01:35:01,21.535554885864258
03 02 2019 01:36:01,22.210912704467773
03 02 2019 01:37:01,22.210912704467773
03 02 2019 01:38:01,22.264671325683594
03 02 2019 01:39:01,20.16468048095703
03 02 2019 01:40:01,21.79763412475586
03 02 2019 01:41:01,21.599395751953125
03 02 2019 01:42:01,21.948833465576172
03 02 2019 01:43:01,21.770755767822266
03 02 2019 01:44:01,21.42467498779297
03 02 2019 01:45:01,21.673315048217773
03 02 2019 01:46:01,21.354116439819336
03 02 2019 01:47:01,21.488515853881836
03 02 2019 01:48:02,21.716995239257812
03 02 2019 01:49:02,22.29827117919922
03 02 2019 01:50:02,21.757314682006836
03 02 2019 01:51:02,21.333955764770508
03 02 2019 01:52:02,21.99251365661621
03 02 2019 01:53:02,22.150432586669922
03 02 2019 01:54:02,21.139076232910156
03 02 2019 01:55:02,21.659873962402344
03 02 2019 01:56:02,21.428035736083984
03 02 2019 01:57:02,21.42467498779297
03 02 2019 01:58:02,21.108837127685547
03 02 2019 01:59:02,21.93203353881836
03 02 2019 02:00:02,22.153793334960938
03 02 2019 02:01:02,21.958913803100586
03 02 2019 02:02:02,21.878273010253906
03 02 2019 02:03:02,21.952194213867188
03 02 2019 02:04:02,21.77411460876465
03 02 2019 02:05:03,23.951385498046875
03 02 2019 02:06:03,22.506591796875
03 02 2019 02:07:03,21.743873596191406
03 02 2019 02:08:03,21.142436981201172
03 02 2019 02:09:03,21.377635955810547
03 02 2019 02:10:03,21.495235443115234
03 02 2019 02:11:03,21.861473083496094
03 02 2019 02:12:03,21.548995971679688
03 02 2019 02:13:03,21.451555252075195
03 02 2019 02:14:03,21.515396118164062
03 02 2019 02:15:03,21.068517684936523
03 02 2019 02:16:03,21.538915634155273
03 02 2019 02:17:03,21.985794067382812
03 02 2019 02:18:03,21.958913803100586
03 02 2019 02:19:04,21.958913803100586
03 02 2019 02:20:04,22.083232879638672
03 02 2019 02:21:04,21.817794799804688
03 02 2019 02:22:04,21.90179443359375
03 02 2019 02:23:04,21.851394653320312
03 02 2019 02:24:04,21.585954666137695
03 02 2019 02:25:04,22.251232147216797
03 02 2019 02:26:04,22.264671325683594
03 02 2019 02:27:04,22.38227081298828
03 02 2019 02:28:04,21.44147491455078
03 02 2019 02:29:04,21.955554962158203
03 02 2019 02:30:04,22.36547088623047
03 02 2019 02:31:04,21.770755767822266
03 02 2019 02:32:05,22.68467140197754
03 02 2019 02:33:05,21.690114974975586
03 02 2019 02:34:05,22.187393188476562
03 02 2019 02:35:05,22.02947235107422
03 02 2019 02:36:05,22.556991577148438
03 02 2019 02:37:05,22.02947235107422
03 02 2019 02:38:05,21.952194213867188
03 02 2019 02:39:05,21.42467498779297
03 02 2019 02:40:05,22.002593994140625
03 02 2019 02:41:05,22.123554229736328
03 02 2019 02:42:05,22.187393188476562
03 02 2019 02:43:05,21.972354888916016
03 02 2019 02:44:05,22.654430389404297
03 02 2019 02:45:05,22.052993774414062
03 02 2019 02:46:06,22.076513290405273
03 02 2019 02:47:06,22.301631927490234
03 02 2019 02:48:06,21.99923324584961
03 02 2019 02:49:06,21.86483383178711
03 02 2019 02:50:06,22.271392822265625
03 02 2019 02:51:06,22.345312118530273
03 02 2019 02:52:06,21.995872497558594
03 02 2019 02:53:06,22.493152618408203
03 02 2019 02:54:06,21.86483383178711
03 02 2019 02:55:06,22.560352325439453
03 02 2019 02:56:06,22.056354522705078
03 02 2019 02:57:06,21.79091453552246
03 02 2019 02:58:06,21.982433319091797
03 02 2019 02:59:06,21.948833465576172
03 02 2019 03:00:06,22.241153717041016
03 02 2019 03:01:07,21.77411460876465
03 02 2019 03:02:07,22.12691307067871
03 02 2019 03:03:07,21.97907257080078
03 02 2019 03:04:07,22.063072204589844
03 02 2019 03:05:07,21.475074768066406
03 02 2019 03:06:07,22.16387176513672
03 02 2019 03:07:07,22.93330955505371
03 02 2019 03:08:07,21.280197143554688
03 02 2019 03:09:07,21.592674255371094
03 02 2019 03:10:07,22.052993774414062
03 02 2019 03:11:07,22.503231048583984
03 02 2019 03:12:07,22.234432220458984
03 02 2019 03:13:07,21.743873596191406
03 02 2019 03:14:08,21.824514389038086
03 02 2019 03:15:08,21.91187286376953
03 02 2019 03:16:08,22.204193115234375
03 02 2019 03:17:08,21.5657958984375
03 02 2019 03:18:08,21.965633392333984
03 02 2019 03:19:08,22.019393920898438
03 02 2019 03:20:08,21.77411460876465
03 02 2019 03:21:08,21.884994506835938
03 02 2019 03:22:08,21.952194213867188
03 02 2019 03:23:08,22.012672424316406
03 02 2019 03:24:08,21.545635223388672
03 02 2019 03:25:08,21.935394287109375
03 02 2019 03:26:08,21.62627410888672
03 02 2019 03:27:08,22.563711166381836
03 02 2019 03:28:08,22.009313583374023
03 02 2019 03:29:09,21.38771629333496
03 02 2019 03:30:09,21.9757137298584
03 02 2019 03:31:09,21.71027374267578
03 02 2019 03:32:09,22.419231414794922
03 02 2019 03:33:09,21.444835662841797
03 02 2019 03:34:09,21.79763412475586
03 02 2019 03:35:09,22.039554595947266
03 02 2019 03:36:09,22.11347198486328
03 02 2019 03:37:09,21.36419677734375
03 02 2019 03:38:09,21.09539794921875
03 02 2019 03:39:09,21.21635627746582
03 02 2019 03:40:09,22.775390625
03 02 2019 03:41:09,21.86483383178711
03 02 2019 03:42:10,21.612834930419922
03 02 2019 03:43:10,21.93875503540039
03 02 2019 03:44:10,21.800994873046875
03 02 2019 03:45:10,21.807714462280273
03 02 2019 03:46:10,22.069793701171875
03 02 2019 03:47:10,21.683395385742188
03 02 2019 03:48:10,21.99923324584961
03 02 2019 03:49:10,21.76067352294922
03 02 2019 03:50:10,21.965633392333984
03 02 2019 03:51:10,21.696834564208984
03 02 2019 03:52:10,22.032833099365234
03 02 2019 03:53:10,22.116832733154297
03 02 2019 03:54:10,22.718271255493164
03 02 2019 03:55:10,21.76739501953125
03 02 2019 03:56:11,22.43939208984375
03 02 2019 03:57:11,22.688030242919922
03 02 2019 03:58:11,22.173954010009766
03 02 2019 03:59:11,22.644351959228516
03 02 2019 04:00:11,22.97698974609375
03 02 2019 04:01:11,22.284832000732422
03 02 2019 04:02:11,22.31507110595703
03 02 2019 04:03:11,22.40243148803711
03 02 2019 04:04:11,22.160512924194336
03 02 2019 04:05:11,22.943389892578125
03 02 2019 04:06:11,22.765310287475586
03 02 2019 04:07:11,22.415870666503906
03 02 2019 04:08:11,21.928672790527344
03 02 2019 04:09:12,22.869470596313477
03 02 2019 04:10:12,22.94675064086914
03 02 2019 04:11:12,21.612834930419922
03 02 2019 04:12:12,22.526752471923828
03 02 2019 04:13:12,22.27475357055664
03 02 2019 04:14:12,22.792190551757812
03 02 2019 04:15:12,22.012672424316406
03 02 2019 04:16:12,22.173954010009766
03 02 2019 04:17:12,22.405792236328125
03 02 2019 04:18:12,22.906429290771484
03 02 2019 04:19:12,21.99923324584961
03 02 2019 04:20:12,22.472991943359375
03 02 2019 04:21:12,22.224353790283203
03 02 2019 04:22:13,21.93203353881836
03 02 2019 04:23:13,22.04627227783203
03 02 2019 04:24:13,22.33523178100586
03 02 2019 04:25:13,22.56707000732422
03 02 2019 04:26:13,22.089954376220703
03 02 2019 04:27:13,22.06643295288086
03 02 2019 04:28:13,22.026113510131836
03 02 2019 04:29:13,21.659873962402344
03 02 2019 04:30:13,21.93875503540039
03 02 2019 04:31:13,22.210912704467773
03 02 2019 04:32:13,22.089954376220703
03 02 2019 04:33:13,21.928672790527344
03 02 2019 04:34:13,21.972354888916016
03 02 2019 04:35:13,22.2445125579834
03 02 2019 04:36:13,21.690114974975586
03 02 2019 04:37:14,21.99923324584961
03 02 2019 04:38:14,22.00595474243164
03 02 2019 04:39:14,22.076513290405273
03 02 2019 04:40:14,22.022754669189453
03 02 2019 04:41:14,21.63299560546875
03 02 2019 04:42:14,22.106754302978516
03 02 2019 04:43:14,22.049633026123047
03 02 2019 04:44:14,22.46291160583496
03 02 2019 04:45:14,21.995872497558594
03 02 2019 04:46:14,21.562435150146484
03 02 2019 04:47:14,22.442752838134766
03 02 2019 04:48:14,21.824514389038086
03 02 2019 04:49:14,22.167232513427734
03 02 2019 04:50:14,21.478435516357422
03 02 2019 04:51:15,22.160512924194336
03 02 2019 04:52:15,21.968994140625
03 02 2019 04:53:15,21.8413143157959
03 02 2019 04:54:15,22.09667205810547
03 02 2019 04:55:15,22.43939208984375
03 02 2019 04:56:15,21.93875503540039
03 02 2019 04:57:15,22.05971336364746
03 02 2019 04:58:15,22.778751373291016
03 02 2019 04:59:15,23.077789306640625
03 02 2019 05:00:15,22.100032806396484
03 02 2019 05:01:15,21.90851402282715
03 02 2019 05:02:15,22.049633026123047
03 02 2019 05:03:15,21.955554962158203
03 02 2019 05:04:15,21.968994140625
03 02 2019 05:05:15,21.881633758544922
03 02 2019 05:06:15,21.800994873046875
03 02 2019 05:07:16,22.019393920898438
03 02 2019 05:08:16,22.520030975341797
03 02 2019 05:09:16,22.05971336364746
03 02 2019 05:10:16,22.56707000732422
03 02 2019 05:11:16,21.99923324584961
03 02 2019 05:12:16,22.063072204589844
03 02 2019 05:13:16,22.53011131286621
03 02 2019 05:14:16,22.788829803466797
03 02 2019 05:15:16,22.845951080322266
03 02 2019 05:16:16,22.553630828857422
03 02 2019 05:17:16,22.899709701538086
03 02 2019 05:18:16,22.17059326171875
03 02 2019 05:19:16,22.241153717041016
03 02 2019 05:20:16,22.7821102142334
03 02 2019 05:21:16,22.190753936767578
03 02 2019 05:22:17,22.587230682373047
03 02 2019 05:23:17,22.056354522705078
03 02 2019 05:24:17,22.869470596313477
03 02 2019 05:25:17,22.523391723632812
03 02 2019 05:26:17,22.086593627929688
03 02 2019 05:27:17,22.18067169189453
03 02 2019 05:28:17,22.089954376220703
03 02 2019 05:29:17,22.46291160583496
03 02 2019 05:30:17,22.388992309570312
03 02 2019 05:31:17,22.39571189880371
03 02 2019 05:32:17,22.761951446533203
03 02 2019 05:33:17,22.02947235107422
03 02 2019 05:34:17,22.570430755615234
03 02 2019 05:35:17,22.210912704467773
03 02 2019 05:36:17,22.550270080566406
03 02 2019 05:37:17,22.224353790283203
03 02 2019 05:38:18,21.891714096069336
03 02 2019 05:39:18,22.87955093383789
03 02 2019 05:40:18,22.808990478515625
03 02 2019 05:41:18,22.385631561279297
03 02 2019 05:42:18,22.51667022705078
03 02 2019 05:43:18,22.614110946655273
03 02 2019 05:44:18,22.67123031616211
03 02 2019 05:45:18,22.5133113861084
03 02 2019 05:46:18,21.93203353881836
03 02 2019 05:47:18,22.210912704467773
03 02 2019 05:48:18,22.792190551757812
03 02 2019 05:49:18,22.385631561279297
03 02 2019 05:50:18,22.301631927490234
03 02 2019 05:51:18,22.362112045288086
03 02 2019 05:52:18,22.130271911621094
03 02 2019 05:53:18,22.452831268310547
03 02 2019 05:54:19,22.214271545410156
03 02 2019 05:55:19,22.039554595947266
03 02 2019 05:56:19,22.889629364013672
03 02 2019 05:57:19,22.869470596313477
03 02 2019 05:58:19,23.138269424438477
03 02 2019 05:59:19,21.96227264404297
03 02 2019 06:00:19,22.556991577148438
03 02 2019 06:01:19,21.915233612060547
03 02 2019 06:02:19,22.46291160583496
03 02 2019 06:03:19,22.220993041992188
03 02 2019 06:04:19,22.56707000732422
03 02 2019 06:05:19,22.281471252441406
03 02 2019 06:06:19,21.727073669433594
03 02 2019 06:07:19,21.65651512145996
03 02 2019 06:08:20,22.36547088623047
03 02 2019 06:09:20,21.918594360351562
03 02 2019 06:10:20,22.39571189880371
03 02 2019 06:11:20,22.32851219177246
03 02 2019 06:12:20,21.79763412475586
03 02 2019 06:13:20,21.90851402282715
03 02 2019 06:14:20,21.918594360351562
03 02 2019 06:15:20,21.65651512145996
03 02 2019 06:16:20,22.03619384765625
03 02 2019 06:17:20,22.257953643798828
03 02 2019 06:18:20,22.241153717041016
03 02 2019 06:19:20,22.130271911621094
03 02 2019 06:20:20,22.069793701171875
03 02 2019 06:21:20,21.488515853881836
03 02 2019 06:22:20,22.278112411499023
03 02 2019 06:23:21,22.271392822265625
03 02 2019 06:24:21,22.106754302978516
03 02 2019 06:25:21,21.854755401611328
03 02 2019 06:26:21,22.214271545410156
03 02 2019 06:27:21,22.106754302978516
03 02 2019 06:28:21,21.948833465576172
03 02 2019 06:29:21,22.459552764892578
03 02 2019 06:30:21,21.63971519470215
03 02 2019 06:31:21,22.220993041992188
03 02 2019 06:32:21,22.210912704467773
03 02 2019 06:33:21,22.46963119506836
03 02 2019 06:34:21,21.764034271240234
03 02 2019 06:35:21,22.2445125579834
03 02 2019 06:36:21,22.627552032470703
03 02 2019 06:37:21,22.308353424072266
03 02 2019 06:38:22,21.93203353881836
03 02 2019 06:39:22,22.5133113861084
03 02 2019 06:40:22,22.429311752319336
03 02 2019 06:41:22,22.546911239624023
03 02 2019 06:42:22,22.59731101989746
03 02 2019 06:43:22,22.24787139892578
03 02 2019 06:44:22,22.3721923828125
03 02 2019 06:45:22,22.792190551757812
03 02 2019 06:46:22,22.553630828857422
03 02 2019 06:47:22,22.385631561279297
03 02 2019 06:48:22,22.009313583374023
03 02 2019 06:49:22,22.674591064453125
03 02 2019 06:50:22,22.53011131286621
03 02 2019 06:51:22,22.60403060913086
03 02 2019 06:52:22,21.599395751953125
03 02 2019 06:53:22,22.627552032470703
03 02 2019 06:54:23,22.489791870117188
03 02 2019 06:55:23,22.600669860839844
03 02 2019 06:56:23,22.17731285095215
03 02 2019 06:57:23,22.533470153808594
03 02 2019 06:58:23,22.59731101989746
03 02 2019 06:59:23,22.785470962524414
03 02 2019 07:00:23,23.121469497680664
03 02 2019 07:01:23,22.899709701538086
03 02 2019 07:02:23,22.758590698242188
03 02 2019 07:03:23,22.785470962524414
03 02 2019 07:04:23,22.724990844726562
03 02 2019 07:05:23,22.882909774780273
03 02 2019 07:06:23,22.94002914428711
03 02 2019 07:07:23,21.958913803100586
03 02 2019 07:08:24,22.58051109313965
03 02 2019 07:09:24,22.46291160583496
03 02 2019 07:10:24,22.856029510498047
03 02 2019 07:11:24,23.218908309936523
03 02 2019 07:12:24,22.97698974609375
03 02 2019 07:13:24,22.808990478515625
03 02 2019 07:14:24,22.56707000732422
03 02 2019 07:15:24,22.523391723632812
03 02 2019 07:16:24,22.637630462646484
03 02 2019 07:17:24,22.43939208984375
03 02 2019 07:18:24,22.51667022705078
03 02 2019 07:19:24,23.057628631591797
03 02 2019 07:20:24,22.657791137695312
03 02 2019 07:21:24,22.18067169189453
03 02 2019 07:22:24,22.321792602539062
03 02 2019 07:23:25,22.3721923828125
03 02 2019 07:24:25,22.425952911376953
03 02 2019 07:25:25,22.069793701171875
03 02 2019 07:26:25,22.362112045288086
03 02 2019 07:27:25,22.20083236694336
03 02 2019 07:28:25,22.79891014099121
03 02 2019 07:29:25,22.318431854248047
03 02 2019 07:30:25,22.26131248474121
03 02 2019 07:31:25,22.14035415649414
03 02 2019 07:32:25,22.14035415649414
03 02 2019 07:33:25,21.898433685302734
03 02 2019 07:34:25,22.220993041992188
03 02 2019 07:35:25,23.393627166748047
03 02 2019 07:36:26,21.757314682006836
03 02 2019 07:37:26,21.720355987548828
03 02 2019 07:38:26,22.46963119506836
03 02 2019 07:39:26,22.33523178100586
03 02 2019 07:40:26,23.181949615478516
03 02 2019 07:41:26,22.459552764892578
03 02 2019 07:42:26,22.355392456054688
03 02 2019 07:43:26,22.755229949951172
03 02 2019 07:44:26,22.220993041992188
03 02 2019 07:45:26,22.308353424072266
03 02 2019 07:46:26,22.70819091796875
03 02 2019 07:47:26,22.425952911376953
03 02 2019 07:48:26,22.761951446533203
03 02 2019 07:49:26,22.173954010009766
03 02 2019 07:50:26,21.948833465576172
03 02 2019 07:51:27,22.153793334960938
03 02 2019 07:52:27,22.688030242919922
03 02 2019 07:53:27,22.2445125579834
03 02 2019 07:54:27,22.167232513427734
03 02 2019 07:55:27,22.40915298461914
03 02 2019 07:56:27,22.224353790283203
03 02 2019 07:57:27,22.654430389404297
03 02 2019 07:58:27,21.66995620727539
03 02 2019 07:59:27,22.392353057861328
03 02 2019 08:00:27,22.503231048583984
03 02 2019 08:01:27,22.079872131347656
03 02 2019 08:02:27,22.392353057861328
03 02 2019 08:03:27,22.33523178100586
03 02 2019 08:04:27,22.123554229736328
03 02 2019 08:05:28,22.724990844726562
03 02 2019 08:06:28,22.724990844726562
03 02 2019 08:07:28,22.472991943359375
03 02 2019 08:08:28,22.43267059326172
03 02 2019 08:09:28,23.1853084564209
03 02 2019 08:10:28,23.622106552124023
03 02 2019 08:11:28,22.6477108001709
03 02 2019 08:12:28,21.99251365661621
03 02 2019 08:13:28,22.214271545410156
03 02 2019 08:14:28,22.832509994506836
03 02 2019 08:15:28,22.13363265991211
03 02 2019 08:16:28,23.0509090423584
03 02 2019 08:17:28,23.11810874938965
03 02 2019 08:18:28,23.15506935119629
03 02 2019 08:19:29,23.329788208007812
03 02 2019 08:20:29,23.296188354492188
03 02 2019 08:21:29,23.0374698638916
03 02 2019 08:22:29,22.993789672851562
03 02 2019 08:23:29,23.057628631591797
03 02 2019 08:24:29,22.43267059326172
03 02 2019 08:25:29,22.173954010009766
03 02 2019 08:26:29,22.761951446533203
03 02 2019 08:27:29,23.024028778076172
03 02 2019 08:28:29,22.550270080566406
03 02 2019 08:29:29,22.93330955505371
03 02 2019 08:30:29,22.150432586669922
03 02 2019 08:31:30,22.16387176513672
03 02 2019 08:32:30,22.46963119506836
03 02 2019 08:33:30,22.869470596313477
03 02 2019 08:34:30,23.10466957092285
03 02 2019 08:35:30,22.778751373291016
03 02 2019 08:36:30,23.094589233398438
03 02 2019 08:37:30,22.27475357055664
03 02 2019 08:38:30,22.6477108001709
03 02 2019 08:39:30,22.425952911376953
03 02 2019 08:40:30,22.089954376220703
03 02 2019 08:41:30,22.415870666503906
03 02 2019 08:42:30,22.039554595947266
03 02 2019 08:43:30,22.614110946655273
03 02 2019 08:44:30,22.7686710357666
03 02 2019 08:45:30,21.85811424255371
03 02 2019 08:46:30,22.1033935546875
03 02 2019 08:47:30,22.570430755615234
03 02 2019 08:48:30,22.637630462646484
03 02 2019 08:49:30,23.01395034790039
03 02 2019 08:50:30,22.26803207397461
03 02 2019 08:51:31,22.220993041992188
03 02 2019 08:52:31,22.100032806396484
03 02 2019 08:53:31,22.46291160583496
03 02 2019 08:54:31,22.368831634521484
03 02 2019 08:55:31,23.054269790649414
03 02 2019 08:56:31,23.175228118896484
03 02 2019 08:57:31,22.388992309570312
03 02 2019 08:58:31,22.896350860595703
03 02 2019 08:59:31,22.892990112304688
03 02 2019 09:00:31,23.225627899169922
03 02 2019 09:01:31,22.20083236694336
03 02 2019 09:02:31,22.32851219177246
03 02 2019 09:03:31,22.362112045288086
03 02 2019 09:04:32,22.526752471923828
03 02 2019 09:05:32,22.032833099365234
03 02 2019 09:06:32,22.348670959472656
03 02 2019 09:07:32,22.348670959472656
03 02 2019 09:08:32,22.405792236328125
03 02 2019 09:09:32,22.520030975341797
03 02 2019 09:10:32,22.24787139892578
03 02 2019 09:11:32,21.945472717285156
03 02 2019 09:12:32,22.698110580444336
03 02 2019 09:13:32,21.874914169311523
03 02 2019 09:14:32,23.14834976196289
03 02 2019 09:15:32,22.466270446777344
03 02 2019 09:16:32,22.331871032714844
03 02 2019 09:17:33,22.26131248474121
03 02 2019 09:18:33,22.153793334960938
03 02 2019 09:19:33,22.052993774414062
03 02 2019 09:20:33,22.40915298461914
03 02 2019 09:21:33,22.04291343688965
03 02 2019 09:22:33,22.069793701171875
03 02 2019 09:23:33,22.123554229736328
03 02 2019 09:24:33,22.355392456054688
03 02 2019 09:25:33,22.355392456054688
03 02 2019 09:26:33,21.757314682006836
03 02 2019 09:27:33,23.084508895874023
03 02 2019 09:28:33,22.1033935546875
03 02 2019 09:29:33,22.489791870117188
03 02 2019 09:30:33,22.778751373291016
03 02 2019 09:31:33,22.479711532592773
03 02 2019 09:32:34,22.58386993408203
03 02 2019 09:33:34,22.563711166381836
03 02 2019 09:34:34,22.54355239868164
03 02 2019 09:35:34,22.651071548461914
03 02 2019 09:36:34,22.32851219177246
03 02 2019 09:37:34,22.882909774780273
03 02 2019 09:38:34,22.74515151977539
03 02 2019 09:39:34,22.718271255493164
03 02 2019 09:40:34,22.698110580444336
03 02 2019 09:41:34,23.464187622070312
03 02 2019 09:42:34,22.36547088623047
03 02 2019 09:43:34,23.272668838500977
03 02 2019 09:44:34,22.704830169677734
03 02 2019 09:45:34,23.413787841796875
03 02 2019 09:46:34,22.70147132873535
03 02 2019 09:47:35,22.9030704498291
03 02 2019 09:48:35,22.74515151977539
03 02 2019 09:49:35,22.735071182250977
03 02 2019 09:50:35,22.593952178955078
03 02 2019 09:51:35,22.251232147216797
03 02 2019 09:52:35,22.87955093383789
03 02 2019 09:53:35,22.509952545166016
03 02 2019 09:54:35,22.472991943359375
03 02 2019 09:55:35,22.368831634521484
03 02 2019 09:56:35,22.570430755615234
03 02 2019 09:57:35,22.711551666259766
03 02 2019 09:58:35,22.257953643798828
03 02 2019 09:59:35,22.651071548461914
03 02 2019 10:00:36,22.73843002319336
03 02 2019 10:01:36,22.832509994506836
03 02 2019 10:02:36,22.26803207397461
03 02 2019 10:03:36,22.526752471923828
03 02 2019 10:04:36,22.889629364013672
03 02 2019 10:05:36,22.43267059326172
03 02 2019 10:06:36,22.688030242919922
03 02 2019 10:07:36,21.995872497558594
03 02 2019 10:08:36,22.67795181274414
03 02 2019 10:09:36,21.87155532836914
03 02 2019 10:10:36,22.123554229736328
03 02 2019 10:11:36,21.821155548095703
03 02 2019 10:12:37,22.577152252197266
03 02 2019 10:13:37,22.03619384765625
03 02 2019 10:14:37,22.355392456054688
03 02 2019 10:15:37,22.40915298461914
03 02 2019 10:16:37,22.318431854248047
03 02 2019 10:17:37,22.570430755615234
03 02 2019 10:18:37,22.405792236328125
03 02 2019 10:19:37,22.345312118530273
03 02 2019 10:20:37,22.412511825561523
03 02 2019 10:21:37,22.352031707763672
03 02 2019 10:22:37,22.563711166381836
03 02 2019 10:23:37,22.654430389404297
03 02 2019 10:24:37,22.600669860839844
03 02 2019 10:25:38,22.688030242919922
03 02 2019 10:26:38,21.764034271240234
03 02 2019 10:27:38,22.032833099365234
03 02 2019 10:28:38,22.624191284179688
03 02 2019 10:29:38,22.210912704467773
03 02 2019 10:30:38,23.138269424438477
03 02 2019 10:31:38,22.802270889282227
03 02 2019 10:32:38,22.29827117919922
03 02 2019 10:33:38,22.04291343688965
03 02 2019 10:34:38,21.837955474853516
03 02 2019 10:35:38,22.123554229736328
03 02 2019 10:36:38,22.224353790283203
03 02 2019 10:37:38,21.696834564208984
03 02 2019 10:38:39,22.392353057861328
03 02 2019 10:39:39,21.63971519470215
03 02 2019 10:40:39,22.761951446533203
03 02 2019 10:41:39,22.466270446777344
03 02 2019 10:42:39,22.973628997802734
03 02 2019 10:43:39,22.53683090209961
03 02 2019 10:44:39,22.11347198486328
03 02 2019 10:45:39,22.100032806396484
03 02 2019 10:46:39,22.489791870117188
03 02 2019 10:47:39,23.010589599609375
03 02 2019 10:48:39,22.654430389404297
03 02 2019 10:49:39,22.30499267578125
03 02 2019 10:50:39,22.899709701538086
03 02 2019 10:51:40,22.44611167907715
03 02 2019 10:52:40,22.94675064086914
03 02 2019 10:53:40,22.486431121826172
03 02 2019 10:54:40,23.205469131469727
03 02 2019 10:55:40,22.758590698242188
03 02 2019 10:56:40,22.130271911621094
03 02 2019 10:57:40,22.765310287475586
03 02 2019 10:58:40,22.674591064453125
03 02 2019 10:59:40,22.415870666503906
03 02 2019 11:00:40,22.822429656982422
03 02 2019 11:01:40,22.691390991210938
03 02 2019 11:02:40,22.600669860839844
03 02 2019 11:03:40,23.030750274658203
03 02 2019 11:04:41,22.70819091796875
03 02 2019 11:05:41,22.68467140197754
03 02 2019 11:06:41,23.044189453125
03 02 2019 11:07:41,22.758590698242188
03 02 2019 11:08:41,23.017309188842773
03 02 2019 11:09:41,22.61075210571289
03 02 2019 11:10:41,22.220993041992188
03 02 2019 11:11:41,23.299549102783203
03 02 2019 11:12:41,22.6409912109375
03 02 2019 11:13:41,21.985794067382812
03 02 2019 11:14:41,22.728351593017578
03 02 2019 11:15:41,23.0509090423584
03 02 2019 11:16:41,22.607391357421875
03 02 2019 11:17:41,22.456192016601562
03 02 2019 11:18:42,22.44611167907715
03 02 2019 11:19:42,22.284832000732422
03 02 2019 11:20:42,22.711551666259766
03 02 2019 11:21:42,22.87282943725586
03 02 2019 11:22:42,22.523391723632812
03 02 2019 11:23:42,22.301631927490234
03 02 2019 11:24:42,23.706106185913086
03 02 2019 11:25:42,23.1718692779541
03 02 2019 11:26:42,22.063072204589844
03 02 2019 11:27:42,22.3789119720459
03 02 2019 11:28:42,22.724990844726562
03 02 2019 11:29:42,22.1033935546875
03 02 2019 11:30:42,22.27475357055664
03 02 2019 11:31:42,21.280197143554688
03 02 2019 11:32:42,21.202917098999023
03 02 2019 11:33:42,22.04627227783203
03 02 2019 11:34:42,22.94002914428711
03 02 2019 11:35:43,22.197471618652344
03 02 2019 11:36:43,22.493152618408203
03 02 2019 11:37:43,22.086593627929688
03 02 2019 11:38:43,22.278112411499023
03 02 2019 11:39:43,22.224353790283203
03 02 2019 11:40:43,22.264671325683594
03 02 2019 11:41:43,22.822429656982422
03 02 2019 11:42:43,22.210912704467773
03 02 2019 11:43:43,22.36547088623047
03 02 2019 11:44:43,22.352031707763672
03 02 2019 11:45:43,22.31507110595703
03 02 2019 11:46:43,22.355392456054688
03 02 2019 11:47:43,23.165149688720703
03 02 2019 11:48:43,22.993789672851562
03 02 2019 11:49:43,22.486431121826172
03 02 2019 11:50:43,22.002593994140625
03 02 2019 11:51:43,22.966909408569336
03 02 2019 11:52:44,21.800994873046875
03 02 2019 11:53:44,22.056354522705078
03 02 2019 11:54:44,22.533470153808594
03 02 2019 11:55:44,23.064350128173828
03 02 2019 11:56:44,22.630910873413086
03 02 2019 11:57:44,22.5133113861084
03 02 2019 11:58:44,22.039554595947266
03 02 2019 11:59:44,22.657791137695312
03 02 2019 12:00:44,22.23107147216797
03 02 2019 12:01:44,22.755229949951172
03 02 2019 12:02:44,22.3721923828125
03 02 2019 12:03:44,22.26131248474121
03 02 2019 12:04:44,22.30499267578125
03 02 2019 12:05:44,22.483070373535156
03 02 2019 12:06:45,22.563711166381836
03 02 2019 12:07:45,22.07315444946289
03 02 2019 12:08:45,22.614110946655273
03 02 2019 12:09:45,22.79891014099121
03 02 2019 12:10:45,22.79891014099121
03 02 2019 12:11:45,22.627552032470703
03 02 2019 12:12:45,22.076513290405273
03 02 2019 12:13:45,22.923229217529297
03 02 2019 12:14:45,23.390268325805664
03 02 2019 12:15:45,22.795551300048828
03 02 2019 12:16:45,22.792190551757812
03 02 2019 12:17:45,22.94002914428711
03 02 2019 12:18:45,23.52130699157715
03 02 2019 12:19:45,23.457468032836914
03 02 2019 12:20:45,23.084508895874023
03 02 2019 12:21:45,22.6477108001709
03 02 2019 12:22:46,22.973628997802734
03 02 2019 12:23:46,22.523391723632812
03 02 2019 12:24:46,22.533470153808594
03 02 2019 12:25:46,23.517948150634766
03 02 2019 12:26:46,23.192028045654297
03 02 2019 12:27:46,22.160512924194336
03 02 2019 12:28:46,22.81907081604004
03 02 2019 12:29:46,23.4541072845459
03 02 2019 12:30:46,23.077789306640625
03 02 2019 12:31:46,22.822429656982422
03 02 2019 12:32:46,23.48434829711914
03 02 2019 12:33:46,22.442752838134766
03 02 2019 12:34:46,22.795551300048828
03 02 2019 12:35:46,22.496511459350586
03 02 2019 12:36:46,22.6409912109375
03 02 2019 12:37:47,23.407068252563477
03 02 2019 12:38:47,22.9165096282959
03 02 2019 12:39:47,23.366748809814453
03 02 2019 12:40:47,22.456192016601562
03 02 2019 12:41:47,22.61747169494629
03 02 2019 12:42:47,23.161788940429688
03 02 2019 12:43:47,22.839229583740234
03 02 2019 12:44:47,22.385631561279297
03 02 2019 12:45:47,22.61747169494629
03 02 2019 12:46:47,22.711551666259766
03 02 2019 12:47:47,22.422592163085938
03 02 2019 12:48:47,22.899709701538086
03 02 2019 12:49:47,22.624191284179688
03 02 2019 12:50:47,23.07442855834961
03 02 2019 12:51:48,22.822429656982422
03 02 2019 12:52:48,22.688030242919922
03 02 2019 12:53:48,22.620830535888672
03 02 2019 12:54:48,22.459552764892578
03 02 2019 12:55:48,22.913150787353516
03 02 2019 12:56:48,22.997150421142578
03 02 2019 12:57:48,22.61747169494629
03 02 2019 12:58:48,22.704830169677734
03 02 2019 12:59:48,23.494426727294922
03 02 2019 13:00:48,22.523391723632812
03 02 2019 13:01:48,22.392353057861328
03 02 2019 13:02:48,23.054269790649414
03 02 2019 13:03:48,22.73171043395996
03 02 2019 13:04:48,22.88627052307129
03 02 2019 13:05:48,22.68467140197754
03 02 2019 13:06:49,22.026113510131836
03 02 2019 13:07:49,22.220993041992188
03 02 2019 13:08:49,22.627552032470703
03 02 2019 13:09:49,23.255868911743164
03 02 2019 13:10:49,22.862751007080078
03 02 2019 13:11:49,23.339868545532227
03 02 2019 13:12:49,22.6477108001709
03 02 2019 13:13:49,23.084508895874023
03 02 2019 13:14:49,22.3721923828125
03 02 2019 13:15:49,22.24787139892578
03 02 2019 13:16:49,22.57379150390625
03 02 2019 13:17:49,22.778751373291016
03 02 2019 13:18:49,22.7821102142334
03 02 2019 13:19:49,22.795551300048828
03 02 2019 13:20:50,22.637630462646484
03 02 2019 13:21:50,22.758590698242188
03 02 2019 13:22:50,22.436031341552734
03 02 2019 13:23:50,23.413787841796875
03 02 2019 13:24:50,22.68467140197754
03 02 2019 13:25:50,23.52130699157715
03 02 2019 13:26:50,22.60403060913086
03 02 2019 13:27:50,23.0509090423584
03 02 2019 13:28:50,23.165149688720703
03 02 2019 13:29:50,23.353307723999023
03 02 2019 13:30:50,22.950109481811523
03 02 2019 13:31:50,22.956829071044922
03 02 2019 13:32:50,22.7821102142334
03 02 2019 13:33:50,23.3062686920166
03 02 2019 13:34:50,22.943389892578125
03 02 2019 13:35:51,23.467548370361328
03 02 2019 13:36:51,23.11138916015625
03 02 2019 13:37:51,23.25250816345215
03 02 2019 13:38:51,23.1718692779541
03 02 2019 13:39:51,23.071069717407227
03 02 2019 13:40:51,22.60403060913086
03 02 2019 13:41:51,23.474267959594727
03 02 2019 13:42:51,23.800186157226562
03 02 2019 13:43:51,23.24578857421875
03 02 2019 13:44:51,23.198749542236328
03 02 2019 13:45:51,22.9097900390625
03 02 2019 13:46:51,23.114749908447266
03 02 2019 13:47:51,23.346588134765625
03 02 2019 13:48:52,23.054269790649414
03 02 2019 13:49:52,23.259227752685547
03 02 2019 13:50:52,23.363388061523438
03 02 2019 13:51:52,23.262588500976562
03 02 2019 13:52:52,23.329788208007812
03 02 2019 13:53:52,23.568347930908203
03 02 2019 13:54:52,23.7229061126709
03 02 2019 13:55:52,23.501148223876953
03 02 2019 13:56:52,23.847225189208984
03 02 2019 13:57:52,23.195388793945312
03 02 2019 13:58:52,23.13490867614746
03 02 2019 13:59:52,23.07442855834961
03 02 2019 14:00:52,23.11810874938965
03 02 2019 14:01:52,23.82706642150879
03 02 2019 14:02:53,23.23906898498535
03 02 2019 14:03:53,23.400348663330078
03 02 2019 14:04:53,23.060989379882812
03 02 2019 14:05:53,23.682586669921875
03 02 2019 14:06:53,23.1785888671875
03 02 2019 14:07:53,23.25250816345215
03 02 2019 14:08:53,23.28946876525879
03 02 2019 14:09:53,22.993789672851562
03 02 2019 14:10:53,22.963550567626953
03 02 2019 14:11:53,23.11138916015625
03 02 2019 14:12:53,23.14162826538086
03 02 2019 14:13:53,22.97698974609375
03 02 2019 14:14:53,23.11138916015625
03 02 2019 14:15:53,23.161788940429688
03 02 2019 14:16:53,23.601947784423828
03 02 2019 14:17:53,22.553630828857422
03 02 2019 14:18:53,22.84930992126465
03 02 2019 14:19:54,23.427227020263672
03 02 2019 14:20:54,23.15506935119629
03 02 2019 14:21:54,23.00722885131836
03 02 2019 14:22:54,23.225627899169922
03 02 2019 14:23:54,23.628826141357422
03 02 2019 14:24:54,23.14834976196289
03 02 2019 14:25:54,22.627552032470703
03 02 2019 14:26:54,22.38227081298828
03 02 2019 14:27:54,23.11138916015625
03 02 2019 14:28:54,23.444026947021484
03 02 2019 14:29:54,22.691390991210938
03 02 2019 14:30:54,22.987070083618164
03 02 2019 14:31:54,22.735071182250977
03 02 2019 14:32:54,22.73171043395996
03 02 2019 14:33:55,22.627552032470703
03 02 2019 14:34:55,22.906429290771484
03 02 2019 14:35:55,22.808990478515625
03 02 2019 14:36:55,23.030750274658203
03 02 2019 14:37:55,22.80562973022461
03 02 2019 14:38:55,23.14162826538086
03 02 2019 14:39:55,22.479711532592773
03 02 2019 14:40:55,23.531387329101562
03 02 2019 14:41:55,22.456192016601562
03 02 2019 14:42:55,22.926589965820312
03 02 2019 14:43:55,22.97027015686035
03 02 2019 14:44:55,22.772029876708984
03 02 2019 14:45:55,22.761951446533203
03 02 2019 14:46:55,23.14834976196289
03 02 2019 14:47:56,22.70147132873535
03 02 2019 14:48:56,22.929950714111328
03 02 2019 14:49:56,22.49987030029297
03 02 2019 14:50:56,22.70819091796875
03 02 2019 14:51:56,22.84930992126465
03 02 2019 14:52:56,22.87955093383789
03 02 2019 14:53:56,23.040828704833984
03 02 2019 14:54:56,23.67922592163086
03 02 2019 14:55:56,23.101308822631836
03 02 2019 14:56:56,22.832509994506836
03 02 2019 14:57:56,23.124828338623047
03 02 2019 14:58:56,23.08786964416504
03 02 2019 14:59:56,23.457468032836914
03 02 2019 15:00:57,22.022754669189453
03 02 2019 15:01:57,23.192028045654297
03 02 2019 15:02:57,23.80690574645996
03 02 2019 15:03:57,23.988346099853516
03 02 2019 15:04:57,23.554906845092773
03 02 2019 15:05:57,24.001785278320312
03 02 2019 15:06:57,23.47762680053711
03 02 2019 15:07:57,23.383548736572266
03 02 2019 15:08:57,23.08115005493164
03 02 2019 15:09:57,23.37346839904785
03 02 2019 15:10:57,23.071069717407227
03 02 2019 15:11:57,23.591867446899414
03 02 2019 15:12:57,23.40370750427246
03 02 2019 15:13:58,23.487707138061523
03 02 2019 15:14:58,22.973628997802734
03 02 2019 15:15:58,23.51458740234375
03 02 2019 15:16:58,23.235708236694336
03 02 2019 15:17:58,23.897624969482422
03 02 2019 15:18:58,23.323068618774414
03 02 2019 15:19:58,24.038745880126953
03 02 2019 15:20:58,23.517948150634766
03 02 2019 15:21:58,23.235708236694336
03 02 2019 15:22:58,23.50786781311035
03 02 2019 15:23:58,24.048824310302734
03 02 2019 15:24:58,22.987070083618164
03 02 2019 15:25:58,23.92450523376465
03 02 2019 15:26:59,23.726266860961914
03 02 2019 15:27:59,22.9030704498291
03 02 2019 15:28:59,23.974905014038086
03 02 2019 15:29:59,23.40370750427246
03 02 2019 15:30:59,23.54482650756836
03 02 2019 15:31:59,23.272668838500977
03 02 2019 15:32:59,23.41042709350586
03 02 2019 15:33:59,23.40370750427246
03 02 2019 15:34:59,23.504507064819336
03 02 2019 15:35:59,23.212188720703125
03 02 2019 15:36:59,22.644351959228516
03 02 2019 15:37:59,23.1853084564209
03 02 2019 15:38:59,23.23906898498535
03 02 2019 15:40:00,23.4473876953125
03 02 2019 15:41:00,23.38018798828125
03 02 2019 15:42:00,23.94802474975586
03 02 2019 15:43:00,23.474267959594727
03 02 2019 15:44:00,23.444026947021484
03 02 2019 15:45:00,23.08115005493164
03 02 2019 15:46:00,23.4541072845459
03 02 2019 15:47:00,23.060989379882812
03 02 2019 15:48:00,23.094589233398438
03 02 2019 15:49:00,22.802270889282227
03 02 2019 15:50:00,23.071069717407227
03 02 2019 15:51:00,23.077789306640625
03 02 2019 15:52:01,23.14834976196289
03 02 2019 15:53:01,23.010589599609375
03 02 2019 15:54:01,23.26930809020996
03 02 2019 15:55:01,23.396987915039062
03 02 2019 15:56:01,23.188669204711914
03 02 2019 15:57:01,22.950109481811523
03 02 2019 15:58:01,23.02066993713379
03 02 2019 15:59:01,23.444026947021484
03 02 2019 16:00:01,23.181949615478516
03 02 2019 16:01:01,23.360027313232422
03 02 2019 16:02:01,23.33650779724121
03 02 2019 16:03:01,22.81235122680664
03 02 2019 16:04:01,24.29746437072754
03 02 2019 16:05:01,23.487707138061523
03 02 2019 16:06:01,23.329788208007812
03 02 2019 16:07:01,23.071069717407227
03 02 2019 16:08:02,23.131549835205078
03 02 2019 16:09:02,23.13490867614746
03 02 2019 16:10:02,23.165149688720703
03 02 2019 16:11:02,23.366748809814453
03 02 2019 16:12:02,23.131549835205078
03 02 2019 16:13:02,22.93330955505371
03 02 2019 16:14:02,22.58051109313965
03 02 2019 16:15:02,23.497787475585938
03 02 2019 16:16:02,23.00722885131836
03 02 2019 16:17:02,22.721630096435547
03 02 2019 16:18:02,22.9097900390625
03 02 2019 16:19:02,22.7821102142334
03 02 2019 16:20:02,23.10466957092285
03 02 2019 16:21:02,22.7686710357666
03 02 2019 16:22:03,23.48434829711914
03 02 2019 16:23:03,22.990428924560547
03 02 2019 16:24:03,23.578426361083984
03 02 2019 16:25:03,21.888355255126953
03 02 2019 16:26:03,23.51458740234375
03 02 2019 16:27:03,23.40370750427246
03 02 2019 16:28:03,23.413787841796875
03 02 2019 16:29:03,23.766586303710938
03 02 2019 16:30:03,23.7094669342041
03 02 2019 16:31:03,23.376827239990234
03 02 2019 16:32:03,23.363388061523438
03 02 2019 16:33:03,23.49106788635254
03 02 2019 16:34:03,23.255868911743164
03 02 2019 16:35:03,23.675867080688477
03 02 2019 16:36:03,23.437307357788086
03 02 2019 16:37:03,22.14035415649414
03 02 2019 16:38:04,23.42386817932129
03 02 2019 16:39:04,23.548187255859375
03 02 2019 16:40:04,23.682586669921875
03 02 2019 16:41:04,23.299549102783203
03 02 2019 16:42:04,23.494426727294922
03 02 2019 16:43:04,23.370107650756836
03 02 2019 16:44:04,23.628826141357422
03 02 2019 16:45:04,23.763225555419922
03 02 2019 16:46:04,23.54482650756836
03 02 2019 16:47:04,23.598587036132812
03 02 2019 16:48:04,23.8573055267334
03 02 2019 16:49:04,23.14834976196289
03 02 2019 16:50:04,23.360027313232422
03 02 2019 16:51:04,23.077789306640625
03 02 2019 16:52:05,23.67922592163086
03 02 2019 16:53:05,23.517948150634766
03 02 2019 16:54:05,22.761951446533203
03 02 2019 16:55:05,23.467548370361328
03 02 2019 16:56:05,23.37346839904785
03 02 2019 16:57:05,24.038745880126953
03 02 2019 16:58:05,23.534748077392578
03 02 2019 16:59:05,23.101308822631836
03 02 2019 17:00:05,22.997150421142578
03 02 2019 17:01:05,24.005146026611328
03 02 2019 17:02:05,23.652347564697266
03 02 2019 17:03:05,23.255868911743164
03 02 2019 17:04:05,23.047550201416016
03 02 2019 17:05:05,23.376827239990234
03 02 2019 17:06:06,23.74642562866211
03 02 2019 17:07:06,22.84930992126465
03 02 2019 17:08:06,23.13490867614746
03 02 2019 17:09:06,23.366748809814453
03 02 2019 17:10:06,23.212188720703125
03 02 2019 17:11:06,23.299549102783203
03 02 2019 17:12:06,23.54482650756836
03 02 2019 17:13:06,23.144989013671875
03 02 2019 17:14:06,23.457468032836914
03 02 2019 17:15:06,23.1718692779541
03 02 2019 17:16:06,23.88754653930664
03 02 2019 17:17:06,23.040828704833984
03 02 2019 17:18:06,22.51667022705078
03 02 2019 17:19:06,23.292827606201172
03 02 2019 17:20:07,23.1853084564209
03 02 2019 17:21:07,23.511226654052734
03 02 2019 17:22:07,23.212188720703125
03 02 2019 17:23:07,23.497787475585938
03 02 2019 17:24:07,23.10466957092285
03 02 2019 17:25:07,23.823705673217773
03 02 2019 17:26:07,23.047550201416016
03 02 2019 17:27:07,23.55154800415039
03 02 2019 17:28:07,23.816986083984375
03 02 2019 17:29:07,22.87955093383789
03 02 2019 17:30:07,23.175228118896484
03 02 2019 17:31:07,22.704830169677734
03 02 2019 17:32:07,22.7821102142334
03 02 2019 17:33:07,23.333148956298828
03 02 2019 17:34:07,23.131549835205078
03 02 2019 17:35:07,23.591867446899414
03 02 2019 17:36:08,22.86610984802246
03 02 2019 17:37:08,22.9165096282959
03 02 2019 17:38:08,23.11810874938965
03 02 2019 17:39:08,23.517948150634766
03 02 2019 17:40:08,22.84930992126465
03 02 2019 17:41:08,23.564987182617188
03 02 2019 17:42:08,23.578426361083984
03 02 2019 17:43:08,23.541467666625977
03 02 2019 17:44:08,23.21554946899414
03 02 2019 17:45:08,22.2445125579834
03 02 2019 17:46:08,22.876190185546875
03 02 2019 17:47:08,22.38227081298828
03 02 2019 17:48:08,22.40243148803711
03 02 2019 17:49:08,22.73843002319336
03 02 2019 17:50:08,23.0374698638916
03 02 2019 17:51:08,22.68467140197754
03 02 2019 17:52:09,22.97698974609375
03 02 2019 17:53:09,23.35666847229004
03 02 2019 17:54:09,23.25250816345215
03 02 2019 17:55:09,22.990428924560547
03 02 2019 17:56:09,23.366748809814453
03 02 2019 17:57:09,23.376827239990234
03 02 2019 17:58:09,23.77666664123535
03 02 2019 17:59:09,23.467548370361328
03 02 2019 18:00:09,23.094589233398438
03 02 2019 18:01:09,23.37346839904785
03 02 2019 18:02:09,23.50786781311035
03 02 2019 18:03:09,25.533939361572266
03 02 2019 18:04:09,23.14834976196289
03 02 2019 18:05:09,23.554906845092773
03 02 2019 18:06:09,23.309627532958984
03 02 2019 18:07:10,23.0374698638916
03 02 2019 18:08:10,23.511226654052734
03 02 2019 18:09:10,23.15506935119629
03 02 2019 18:10:10,23.528026580810547
03 02 2019 18:11:10,23.467548370361328
03 02 2019 18:12:10,23.595226287841797
03 02 2019 18:13:10,23.279388427734375
03 02 2019 18:14:10,23.4541072845459
03 02 2019 18:15:10,23.67922592163086
03 02 2019 18:16:10,23.82034683227539
03 02 2019 18:17:10,23.131549835205078
03 02 2019 18:18:10,23.22226905822754
03 02 2019 18:19:10,23.097949981689453
03 02 2019 18:20:10,22.70147132873535
03 02 2019 18:21:10,23.128189086914062
03 02 2019 18:22:11,22.862751007080078
03 02 2019 18:23:11,23.47762680053711
03 02 2019 18:24:11,23.796825408935547
03 02 2019 18:25:11,23.427227020263672
03 02 2019 18:26:11,23.568347930908203
03 02 2019 18:27:11,23.124828338623047
03 02 2019 18:28:11,22.943389892578125
03 02 2019 18:29:11,22.758590698242188
03 02 2019 18:30:11,23.151708602905273
03 02 2019 18:31:11,23.840505599975586
03 02 2019 18:32:11,23.92450523376465
03 02 2019 18:33:11,23.161788940429688
03 02 2019 18:34:11,23.413787841796875
03 02 2019 18:35:11,23.88754653930664
03 02 2019 18:36:12,23.08115005493164
03 02 2019 18:37:12,23.474267959594727
03 02 2019 18:38:12,23.11138916015625
03 02 2019 18:39:12,23.08115005493164
03 02 2019 18:40:12,24.085784912109375
03 02 2019 18:41:12,23.296188354492188
03 02 2019 18:42:12,22.9097900390625
03 02 2019 18:43:12,23.80690574645996
03 02 2019 18:44:12,23.259227752685547
03 02 2019 18:45:12,23.296188354492188
03 02 2019 18:46:12,22.943389892578125
03 02 2019 18:47:12,23.13490867614746
03 02 2019 18:48:12,23.168508529663086
03 02 2019 18:49:12,23.296188354492188
03 02 2019 18:50:12,23.726266860961914
03 02 2019 18:51:12,23.057628631591797
03 02 2019 18:52:13,23.329788208007812
03 02 2019 18:53:13,22.919870376586914
03 02 2019 18:54:13,22.84259033203125
03 02 2019 18:55:13,22.882909774780273
03 02 2019 18:56:13,23.64226722717285
03 02 2019 18:57:13,23.00722885131836
03 02 2019 18:58:13,22.956829071044922
03 02 2019 18:59:13,23.138269424438477
03 02 2019 19:00:13,23.665786743164062
03 02 2019 19:01:13,22.913150787353516
03 02 2019 19:02:13,22.906429290771484
03 02 2019 19:03:13,22.943389892578125
03 02 2019 19:04:13,22.84930992126465
03 02 2019 19:05:14,22.795551300048828
03 02 2019 19:06:14,23.040828704833984
03 02 2019 19:07:14,23.08115005493164
03 02 2019 19:08:14,23.615386962890625
03 02 2019 19:09:14,22.657791137695312
03 02 2019 19:10:14,23.47762680053711
03 02 2019 19:11:14,23.10466957092285
03 02 2019 19:12:14,23.773305892944336
03 02 2019 19:13:14,22.761951446533203
03 02 2019 19:14:14,22.533470153808594
03 02 2019 19:15:14,23.608667373657227
03 02 2019 19:16:14,22.963550567626953
03 02 2019 19:17:14,23.003870010375977
03 02 2019 19:18:14,22.997150421142578
03 02 2019 19:19:14,22.60403060913086
03 02 2019 19:20:14,22.772029876708984
03 02 2019 19:21:14,22.681310653686523
03 02 2019 19:22:14,23.60530662536621
03 02 2019 19:23:15,22.950109481811523
03 02 2019 19:24:15,22.963550567626953
03 02 2019 19:25:15,22.509952545166016
03 02 2019 19:26:15,22.990428924560547
03 02 2019 19:27:15,22.57379150390625
03 02 2019 19:28:15,22.399070739746094
03 02 2019 19:29:15,23.22226905822754
03 02 2019 19:30:15,23.017309188842773
03 02 2019 19:31:15,23.35666847229004
03 02 2019 19:32:15,22.795551300048828
03 02 2019 19:33:15,23.1785888671875
03 02 2019 19:34:15,23.31298828125
03 02 2019 19:35:15,23.53810691833496
03 02 2019 19:36:15,23.003870010375977
03 02 2019 19:37:15,23.14834976196289
03 02 2019 19:38:15,23.279388427734375
03 02 2019 19:39:16,23.27602767944336
03 02 2019 19:40:16,23.23906898498535
03 02 2019 19:41:16,23.249149322509766
03 02 2019 19:42:16,22.815710067749023
03 02 2019 19:43:16,23.40370750427246
03 02 2019 19:44:16,23.20210838317871
03 02 2019 19:45:16,23.097949981689453
03 02 2019 19:46:16,23.48434829711914
03 02 2019 19:47:16,23.309627532958984
03 02 2019 19:48:16,23.228988647460938
03 02 2019 19:49:16,23.1785888671875
03 02 2019 19:50:16,23.168508529663086
03 02 2019 19:51:16,23.42386817932129
03 02 2019 19:52:16,23.218908309936523
03 02 2019 19:53:16,23.870746612548828
03 02 2019 19:54:16,22.97027015686035
03 02 2019 19:55:17,23.7229061126709
03 02 2019 19:56:17,23.763225555419922
03 02 2019 19:57:17,23.024028778076172
03 02 2019 19:58:17,23.390268325805664
03 02 2019 19:59:17,23.286108016967773
03 02 2019 20:00:17,23.42386817932129
03 02 2019 20:01:17,23.803546905517578
03 02 2019 20:02:17,23.1718692779541
03 02 2019 20:03:17,23.3197078704834
03 02 2019 20:04:17,23.38690757751465
03 02 2019 20:05:17,23.161788940429688
03 02 2019 20:06:17,22.9165096282959
03 02 2019 20:07:17,23.192028045654297
03 02 2019 20:08:17,22.876190185546875
03 02 2019 20:09:17,23.413787841796875
03 02 2019 20:10:17,22.896350860595703
03 02 2019 20:11:17,23.24578857421875
03 02 2019 20:12:18,23.205469131469727
03 02 2019 20:13:18,22.6342716217041
03 02 2019 20:14:18,23.010589599609375
03 02 2019 20:15:18,22.58051109313965
03 02 2019 20:16:18,22.936670303344727
03 02 2019 20:17:18,23.218908309936523
03 02 2019 20:18:18,23.21554946899414
03 02 2019 20:19:18,22.993789672851562
03 02 2019 20:20:18,23.047550201416016
03 02 2019 20:21:18,22.53011131286621
03 02 2019 20:22:18,23.669147491455078
03 02 2019 20:23:18,22.772029876708984
03 02 2019 20:24:18,23.360027313232422
03 02 2019 20:25:18,23.585147857666016
03 02 2019 20:26:18,23.13490867614746
03 02 2019 20:27:18,23.272668838500977
03 02 2019 20:28:19,23.501148223876953
03 02 2019 20:29:19,22.862751007080078
03 02 2019 20:30:19,22.466270446777344
03 02 2019 20:31:19,23.662425994873047
03 02 2019 20:32:19,22.718271255493164
03 02 2019 20:33:19,22.748510360717773
03 02 2019 20:34:19,22.960189819335938
03 02 2019 20:35:19,22.822429656982422
03 02 2019 20:36:19,22.795551300048828
03 02 2019 20:37:19,23.24578857421875
03 02 2019 20:38:19,22.923229217529297
03 02 2019 20:39:19,22.6342716217041
03 02 2019 20:40:19,22.234432220458984
03 02 2019 20:41:19,22.829151153564453
03 02 2019 20:42:19,22.788829803466797
03 02 2019 20:43:20,23.37346839904785
03 02 2019 20:44:20,22.60403060913086
03 02 2019 20:45:20,22.785470962524414
03 02 2019 20:46:20,22.919870376586914
03 02 2019 20:47:20,22.627552032470703
03 02 2019 20:48:20,22.67795181274414
03 02 2019 20:49:20,22.758590698242188
03 02 2019 20:50:20,22.607391357421875
03 02 2019 20:51:20,22.570430755615234
03 02 2019 20:52:20,22.9165096282959
03 02 2019 20:53:20,22.802270889282227
03 02 2019 20:54:20,22.97698974609375
03 02 2019 20:55:20,23.017309188842773
03 02 2019 20:56:20,23.28274917602539
03 02 2019 20:57:21,23.1853084564209
03 02 2019 20:58:21,23.054269790649414
03 02 2019 20:59:21,23.017309188842773
03 02 2019 21:00:21,23.057628631591797
03 02 2019 21:01:21,23.42386817932129
03 02 2019 21:02:21,22.83587074279785
03 02 2019 21:03:21,22.95347023010254
03 02 2019 21:04:21,23.88082504272461
03 02 2019 21:05:21,23.370107650756836
03 02 2019 21:06:21,23.75314712524414
03 02 2019 21:07:21,23.309627532958984
03 02 2019 21:08:21,22.661151885986328
03 02 2019 21:09:21,23.370107650756836
03 02 2019 21:10:22,23.017309188842773
03 02 2019 21:11:22,22.899709701538086
03 02 2019 21:12:22,23.803546905517578
03 02 2019 21:13:22,23.097949981689453
03 02 2019 21:14:22,22.46963119506836
03 02 2019 21:15:22,22.896350860595703
03 02 2019 21:16:22,23.591867446899414
03 02 2019 21:17:22,23.114749908447266
03 02 2019 21:18:22,23.407068252563477
03 02 2019 21:19:22,23.057628631591797
03 02 2019 21:20:22,23.255868911743164
03 02 2019 21:21:22,23.702747344970703
03 02 2019 21:22:22,23.333148956298828
03 02 2019 21:23:22,23.0374698638916
03 02 2019 21:24:22,23.225627899169922
03 02 2019 21:25:23,23.55826759338379
03 02 2019 21:26:23,22.651071548461914
03 02 2019 21:27:23,24.146265029907227
03 02 2019 21:28:23,23.08786964416504
03 02 2019 21:29:23,23.101308822631836
03 02 2019 21:30:23,23.188669204711914
03 02 2019 21:31:23,22.973628997802734
03 02 2019 21:32:23,23.10466957092285
03 02 2019 21:33:23,23.24578857421875
03 02 2019 21:34:23,23.07442855834961
03 02 2019 21:35:23,23.393627166748047
03 02 2019 21:36:23,23.11810874938965
03 02 2019 21:37:23,23.51458740234375
03 02 2019 21:38:23,22.667871475219727
03 02 2019 21:39:24,23.262588500976562
03 02 2019 21:40:24,22.7821102142334
03 02 2019 21:41:24,22.815710067749023
03 02 2019 21:42:24,22.960189819335938
03 02 2019 21:43:24,22.79891014099121
03 02 2019 21:44:24,24.08914566040039
03 02 2019 21:45:24,23.339868545532227
03 02 2019 21:46:24,22.9097900390625
03 02 2019 21:47:24,22.74515151977539
03 02 2019 21:48:24,22.832509994506836
03 02 2019 21:49:24,22.523391723632812
03 02 2019 21:50:24,23.044189453125
03 02 2019 21:51:24,22.758590698242188
03 02 2019 21:52:25,23.407068252563477
03 02 2019 21:53:25,22.785470962524414
03 02 2019 21:54:25,22.950109481811523
03 02 2019 21:55:25,23.810266494750977
03 02 2019 21:56:25,23.34322738647461
03 02 2019 21:57:25,22.241153717041016
03 02 2019 21:58:25,23.024028778076172
03 02 2019 21:59:25,22.509952545166016
03 02 2019 22:00:25,22.956829071044922
03 02 2019 22:01:25,23.161788940429688
03 02 2019 22:02:25,23.55826759338379
03 02 2019 22:03:25,22.698110580444336
03 02 2019 22:04:25,23.1785888671875
03 02 2019 22:05:25,22.6409912109375
03 02 2019 22:06:26,22.415870666503906
03 02 2019 22:07:26,22.70147132873535
03 02 2019 22:08:26,22.321792602539062
03 02 2019 22:09:26,22.063072204589844
03 02 2019 22:10:26,22.741790771484375
03 02 2019 22:11:26,22.368831634521484
03 02 2019 22:12:26,22.758590698242188
03 02 2019 22:13:26,22.792190551757812
03 02 2019 22:14:26,22.80562973022461
03 02 2019 22:15:26,22.691390991210938
03 02 2019 22:16:26,22.11347198486328
03 02 2019 22:17:26,23.1718692779541
03 02 2019 22:18:26,22.681310653686523
03 02 2019 22:19:26,23.937946319580078
03 02 2019 22:20:27,22.587230682373047
03 02 2019 22:21:27,22.546911239624023
03 02 2019 22:22:27,22.718271255493164
03 02 2019 22:23:27,23.034109115600586
03 02 2019 22:24:27,22.493152618408203
03 02 2019 22:25:27,22.318431854248047
03 02 2019 22:26:27,22.862751007080078
03 02 2019 22:27:27,22.792190551757812
03 02 2019 22:28:27,22.919870376586914
03 02 2019 22:29:27,23.15506935119629
03 02 2019 22:30:27,22.331871032714844
03 02 2019 22:31:27,22.815710067749023
03 02 2019 22:32:27,23.02066993713379
03 02 2019 22:33:27,22.993789672851562
03 02 2019 22:34:28,22.761951446533203
03 02 2019 22:35:28,23.040828704833984
03 02 2019 22:36:28,23.151708602905273
03 02 2019 22:37:28,22.876190185546875
03 02 2019 22:38:28,23.00722885131836
03 02 2019 22:39:28,22.94002914428711
03 02 2019 22:40:28,23.4406681060791
03 02 2019 22:41:28,22.966909408569336
03 02 2019 22:42:28,22.966909408569336
03 02 2019 22:43:28,22.93330955505371
03 02 2019 22:44:28,23.766586303710938
03 02 2019 22:45:28,23.232349395751953
03 02 2019 22:46:28,23.34322738647461
03 02 2019 22:47:29,22.785470962524414
03 02 2019 22:48:29,22.929950714111328
03 02 2019 22:49:29,22.456192016601562
03 02 2019 22:50:29,23.376827239990234
03 02 2019 22:51:29,23.024028778076172
03 02 2019 22:52:29,22.20755386352539
03 02 2019 22:53:29,23.128189086914062
03 02 2019 22:54:29,22.845951080322266
03 02 2019 22:55:29,22.59731101989746
03 02 2019 22:56:29,23.47090721130371
03 02 2019 22:57:29,23.1853084564209
03 02 2019 22:58:29,23.07442855834961
03 02 2019 22:59:29,22.788829803466797
03 02 2019 23:00:29,22.80562973022461
03 02 2019 23:01:30,23.091228485107422
03 02 2019 23:02:30,23.450748443603516
03 02 2019 23:03:30,23.02066993713379
03 02 2019 23:04:30,22.3721923828125
03 02 2019 23:05:30,23.044189453125
03 02 2019 23:06:30,22.97698974609375
03 02 2019 23:07:30,23.25250816345215
03 02 2019 23:08:30,22.936670303344727
03 02 2019 23:09:30,23.376827239990234
03 02 2019 23:10:30,22.97027015686035
03 02 2019 23:11:30,23.37346839904785
03 02 2019 23:12:30,22.691390991210938
03 02 2019 23:13:30,23.14834976196289
03 02 2019 23:14:30,22.889629364013672
03 02 2019 23:15:30,22.862751007080078
03 02 2019 23:16:30,22.43267059326172
03 02 2019 23:17:31,22.748510360717773
03 02 2019 23:18:31,22.136993408203125
03 02 2019 23:19:31,22.9097900390625
03 02 2019 23:20:31,23.225627899169922
03 02 2019 23:21:31,23.108028411865234
03 02 2019 23:22:31,23.06770896911621
03 02 2019 23:23:31,22.718271255493164
03 02 2019 23:24:31,23.20882797241211
03 02 2019 23:25:31,22.778751373291016
03 02 2019 23:26:31,22.227712631225586
03 02 2019 23:27:31,23.249149322509766
03 02 2019 23:28:31,23.474267959594727
03 02 2019 23:29:31,22.089954376220703
03 02 2019 23:30:31,22.556991577148438
03 02 2019 23:31:32,22.785470962524414
03 02 2019 23:32:32,22.241153717041016
03 02 2019 23:33:32,22.83587074279785
03 02 2019 23:34:32,22.44947052001953
03 02 2019 23:35:32,22.143712997436523
03 02 2019 23:36:32,22.57379150390625
03 02 2019 23:37:32,22.765310287475586
03 02 2019 23:38:32,23.158428192138672
03 02 2019 23:39:32,23.232349395751953
03 02 2019 23:40:32,23.161788940429688
03 02 2019 23:41:32,22.852670669555664
03 02 2019 23:42:32,22.590591430664062
03 02 2019 23:43:32,22.59731101989746
03 02 2019 23:44:33,22.802270889282227
03 02 2019 23:45:33,23.0374698638916
03 02 2019 23:46:33,22.116832733154297
03 02 2019 23:47:33,23.10466957092285
03 02 2019 23:48:33,22.9165096282959
03 02 2019 23:49:33,21.948833465576172
03 02 2019 23:50:33,22.281471252441406
03 02 2019 23:51:33,22.6342716217041
03 02 2019 23:52:33,22.429311752319336
03 02 2019 23:53:33,22.49987030029297
03 02 2019 23:54:33,22.43267059326172
03 02 2019 23:55:33,22.493152618408203
03 02 2019 23:56:33,22.385631561279297
03 02 2019 23:57:33,22.667871475219727
03 02 2019 23:58:33,22.966909408569336
03 02 2019 23:59:34,22.691390991210938
