04 18 2019 00:00:10,0.01,-0.92,-0.4
04 18 2019 00:01:10,0.01,-0.92,-0.4
04 18 2019 00:02:10,0.01,-0.92,-0.4
04 18 2019 00:03:10,0.01,-0.92,-0.4
04 18 2019 00:04:10,0.01,-0.92,-0.4
04 18 2019 00:05:11,0.01,-0.92,-0.4
04 18 2019 00:06:11,0.01,-0.92,-0.4
04 18 2019 00:07:11,0.01,-0.92,-0.4
04 18 2019 00:08:11,0.01,-0.92,-0.4
04 18 2019 00:09:11,0.01,-0.92,-0.4
04 18 2019 00:10:11,0.01,-0.92,-0.4
04 18 2019 00:11:11,0.01,-0.92,-0.4
04 18 2019 00:12:11,0.01,-0.92,-0.4
04 18 2019 00:13:11,0.01,-0.92,-0.4
04 18 2019 00:14:11,0.01,-0.92,-0.4
04 18 2019 00:15:11,0.01,-0.92,-0.4
04 18 2019 00:16:11,0.01,-0.92,-0.4
04 18 2019 00:17:12,0.01,-0.92,-0.4
04 18 2019 00:18:12,0.01,-0.92,-0.4
04 18 2019 00:19:12,0.01,-0.92,-0.4
04 18 2019 00:20:12,0.01,-0.91,-0.4
04 18 2019 00:21:12,0.01,-0.92,-0.4
04 18 2019 00:22:12,0.01,-0.92,-0.4
04 18 2019 00:23:12,0.01,-0.91,-0.4
04 18 2019 00:24:12,0.01,-0.92,-0.4
04 18 2019 00:25:12,0.01,-0.92,-0.4
04 18 2019 00:26:12,0.01,-0.91,-0.4
04 18 2019 00:27:12,0.01,-0.92,-0.4
04 18 2019 00:28:12,0.01,-0.92,-0.4
04 18 2019 00:29:12,0.01,-0.91,-0.4
04 18 2019 00:30:12,0.01,-0.92,-0.4
04 18 2019 00:31:12,0.01,-0.92,-0.4
04 18 2019 00:32:12,0.01,-0.92,-0.4
04 18 2019 00:33:12,0.01,-0.92,-0.4
04 18 2019 00:34:13,0.01,-0.92,-0.4
04 18 2019 00:35:13,0.01,-0.92,-0.4
04 18 2019 00:36:13,0.01,-0.92,-0.4
04 18 2019 00:37:13,0.01,-0.91,-0.4
04 18 2019 00:38:13,0.01,-0.92,-0.4
04 18 2019 00:39:13,0.01,-0.91,-0.4
04 18 2019 00:40:13,0.01,-0.92,-0.4
04 18 2019 00:41:13,0.01,-0.91,-0.4
04 18 2019 00:42:13,0.01,-0.92,-0.4
04 18 2019 00:43:13,0.01,-0.91,-0.4
04 18 2019 00:44:13,0.01,-0.92,-0.4
04 18 2019 00:45:13,0.01,-0.92,-0.4
04 18 2019 00:46:13,0.01,-0.92,-0.4
04 18 2019 00:47:13,0.01,-0.92,-0.4
04 18 2019 00:48:13,0.01,-0.92,-0.4
04 18 2019 00:49:14,0.01,-0.92,-0.4
04 18 2019 00:50:14,0.01,-0.91,-0.4
04 18 2019 00:51:14,0.01,-0.91,-0.4
04 18 2019 00:52:14,0.01,-0.92,-0.4
04 18 2019 00:53:14,0.01,-0.91,-0.4
04 18 2019 00:54:14,0.01,-0.92,-0.4
04 18 2019 00:55:14,0.01,-0.92,-0.4
04 18 2019 00:56:14,0.01,-0.92,-0.4
04 18 2019 00:57:14,0.01,-0.92,-0.4
04 18 2019 00:58:14,0.01,-0.92,-0.4
04 18 2019 00:59:14,0.01,-0.92,-0.4
04 18 2019 01:00:14,0.01,-0.91,-0.4
04 18 2019 01:01:14,0.01,-0.92,-0.4
04 18 2019 01:02:14,0.01,-0.92,-0.4
04 18 2019 01:03:14,0.01,-0.92,-0.4
04 18 2019 01:04:15,0.01,-0.92,-0.4
04 18 2019 01:05:15,0.01,-0.92,-0.4
04 18 2019 01:06:15,0.01,-0.92,-0.4
04 18 2019 01:07:15,0.01,-0.92,-0.4
04 18 2019 01:08:15,0.01,-0.91,-0.4
04 18 2019 01:09:15,0.01,-0.92,-0.4
04 18 2019 01:10:15,0.01,-0.92,-0.4
04 18 2019 01:11:15,0.01,-0.92,-0.4
04 18 2019 01:12:15,0.01,-0.92,-0.4
04 18 2019 01:13:15,0.01,-0.91,-0.4
04 18 2019 01:14:15,0.01,-0.92,-0.4
04 18 2019 01:15:15,0.01,-0.92,-0.4
04 18 2019 01:16:16,0.01,-0.92,-0.4
04 18 2019 01:17:16,0.01,-0.92,-0.4
04 18 2019 01:18:16,0.01,-0.92,-0.4
04 18 2019 01:19:16,0.01,-0.92,-0.4
04 18 2019 01:20:16,0.01,-0.92,-0.4
04 18 2019 01:21:16,0.01,-0.91,-0.4
04 18 2019 01:22:16,0.01,-0.92,-0.4
04 18 2019 01:23:16,0.01,-0.92,-0.4
04 18 2019 01:24:16,0.01,-0.92,-0.4
04 18 2019 01:25:16,0.01,-0.92,-0.4
04 18 2019 01:26:16,0.01,-0.92,-0.4
04 18 2019 01:27:16,0.01,-0.91,-0.4
04 18 2019 01:28:16,0.01,-0.92,-0.4
04 18 2019 01:29:17,0.01,-0.92,-0.4
04 18 2019 01:30:17,0.01,-0.92,-0.4
04 18 2019 01:31:17,0.01,-0.92,-0.4
04 18 2019 01:32:17,0.01,-0.92,-0.4
04 18 2019 01:33:17,0.01,-0.92,-0.4
04 18 2019 01:34:17,0.01,-0.92,-0.4
04 18 2019 01:35:17,0.01,-0.91,-0.4
04 18 2019 01:36:17,0.01,-0.92,-0.4
04 18 2019 01:37:17,0.01,-0.91,-0.4
04 18 2019 01:38:17,0.01,-0.92,-0.4
04 18 2019 01:39:17,0.01,-0.92,-0.4
04 18 2019 01:40:17,0.01,-0.92,-0.4
04 18 2019 01:41:18,0.01,-0.91,-0.4
04 18 2019 01:42:18,0.01,-0.92,-0.4
04 18 2019 01:43:18,0.01,-0.92,-0.4
04 18 2019 01:44:18,0.01,-0.92,-0.4
04 18 2019 01:45:18,0.01,-0.91,-0.4
04 18 2019 01:46:18,0.01,-0.92,-0.4
04 18 2019 01:47:18,0.01,-0.92,-0.4
04 18 2019 01:48:18,0.01,-0.92,-0.4
04 18 2019 01:49:18,0.01,-0.92,-0.4
04 18 2019 01:50:18,0.01,-0.92,-0.4
04 18 2019 01:51:18,0.01,-0.92,-0.4
04 18 2019 01:52:18,0.01,-0.91,-0.4
04 18 2019 01:53:18,0.01,-0.92,-0.4
04 18 2019 01:54:19,0.01,-0.92,-0.4
04 18 2019 01:55:19,0.01,-0.92,-0.4
04 18 2019 01:56:19,0.01,-0.92,-0.4
04 18 2019 01:57:19,0.01,-0.92,-0.4
04 18 2019 01:58:19,0.01,-0.92,-0.4
04 18 2019 01:59:19,0.01,-0.92,-0.4
04 18 2019 02:00:19,0.01,-0.92,-0.4
04 18 2019 02:01:19,0.01,-0.92,-0.4
04 18 2019 02:02:19,0.01,-0.92,-0.4
04 18 2019 02:03:19,0.01,-0.92,-0.4
04 18 2019 02:04:19,0.01,-0.92,-0.4
04 18 2019 02:05:19,0.01,-0.92,-0.4
04 18 2019 02:06:20,0.01,-0.92,-0.4
04 18 2019 02:07:20,0.01,-0.92,-0.4
04 18 2019 02:08:20,0.01,-0.92,-0.4
04 18 2019 02:09:20,0.01,-0.92,-0.4
04 18 2019 02:10:20,0.01,-0.92,-0.4
04 18 2019 02:11:20,0.01,-0.92,-0.4
04 18 2019 02:12:20,0.01,-0.92,-0.4
04 18 2019 02:13:20,0.01,-0.92,-0.4
04 18 2019 02:14:20,0.01,-0.92,-0.4
04 18 2019 02:15:20,0.01,-0.92,-0.4
04 18 2019 02:16:20,0.01,-0.92,-0.4
04 18 2019 02:17:20,0.01,-0.92,-0.4
04 18 2019 02:18:20,0.01,-0.92,-0.4
04 18 2019 02:19:21,0.01,-0.92,-0.4
04 18 2019 02:20:21,0.01,-0.92,-0.4
04 18 2019 02:21:21,0.01,-0.91,-0.4
04 18 2019 02:22:21,0.01,-0.92,-0.4
04 18 2019 02:23:21,0.01,-0.92,-0.4
04 18 2019 02:24:21,0.01,-0.92,-0.4
04 18 2019 02:25:21,0.01,-0.92,-0.4
04 18 2019 02:26:21,0.01,-0.92,-0.4
04 18 2019 02:27:21,0.01,-0.92,-0.4
04 18 2019 02:28:21,0.01,-0.91,-0.4
04 18 2019 02:29:21,0.01,-0.91,-0.4
04 18 2019 02:30:21,0.01,-0.92,-0.4
04 18 2019 02:31:21,0.01,-0.92,-0.4
04 18 2019 02:32:21,0.01,-0.92,-0.4
04 18 2019 02:33:21,0.01,-0.91,-0.4
04 18 2019 02:34:21,0.01,-0.92,-0.4
04 18 2019 02:35:21,0.01,-0.92,-0.4
04 18 2019 02:36:21,0.01,-0.91,-0.4
04 18 2019 02:37:22,0.01,-0.91,-0.4
04 18 2019 02:38:22,0.01,-0.91,-0.4
04 18 2019 02:39:22,0.01,-0.92,-0.4
04 18 2019 02:40:22,0.01,-0.92,-0.4
04 18 2019 02:41:22,0.01,-0.92,-0.4
04 18 2019 02:42:22,0.01,-0.92,-0.4
04 18 2019 02:43:22,0.01,-0.92,-0.4
04 18 2019 02:44:22,0.01,-0.92,-0.4
04 18 2019 02:45:22,0.01,-0.92,-0.4
04 18 2019 02:46:22,0.01,-0.92,-0.4
04 18 2019 02:47:22,0.01,-0.92,-0.4
04 18 2019 02:48:22,0.01,-0.92,-0.4
04 18 2019 02:49:22,0.01,-0.92,-0.4
04 18 2019 02:50:22,0.01,-0.92,-0.4
04 18 2019 02:51:22,0.01,-0.92,-0.4
04 18 2019 02:52:22,0.01,-0.91,-0.4
04 18 2019 02:53:22,0.01,-0.92,-0.4
04 18 2019 02:54:22,0.01,-0.92,-0.4
04 18 2019 02:55:22,0.01,-0.92,-0.4
04 18 2019 02:56:23,0.01,-0.92,-0.4
04 18 2019 02:57:23,0.01,-0.92,-0.4
04 18 2019 02:58:23,0.01,-0.92,-0.4
04 18 2019 02:59:23,0.01,-0.92,-0.4
04 18 2019 03:00:23,0.01,-0.92,-0.4
04 18 2019 03:01:23,0.01,-0.92,-0.4
04 18 2019 03:02:23,0.01,-0.91,-0.4
04 18 2019 03:03:23,0.01,-0.92,-0.4
04 18 2019 03:04:23,0.01,-0.91,-0.4
04 18 2019 03:05:23,0.01,-0.92,-0.4
04 18 2019 03:06:23,0.01,-0.92,-0.4
04 18 2019 03:07:23,0.01,-0.91,-0.4
04 18 2019 03:08:23,0.01,-0.92,-0.4
04 18 2019 03:09:23,0.01,-0.92,-0.4
04 18 2019 03:10:24,0.01,-0.92,-0.4
04 18 2019 03:11:24,0.01,-0.92,-0.4
04 18 2019 03:12:24,0.01,-0.92,-0.4
04 18 2019 03:13:24,0.01,-0.91,-0.4
04 18 2019 03:14:24,0.01,-0.92,-0.4
04 18 2019 03:15:24,0.01,-0.92,-0.4
04 18 2019 03:16:24,0.01,-0.92,-0.4
04 18 2019 03:17:24,0.01,-0.92,-0.4
04 18 2019 03:18:24,0.01,-0.92,-0.4
04 18 2019 03:19:24,0.01,-0.92,-0.4
04 18 2019 03:20:24,0.01,-0.91,-0.4
04 18 2019 03:21:24,0.01,-0.92,-0.4
04 18 2019 03:22:24,0.01,-0.92,-0.4
04 18 2019 03:23:24,0.01,-0.92,-0.4
04 18 2019 03:24:25,0.01,-0.92,-0.4
04 18 2019 03:25:25,0.01,-0.91,-0.4
04 18 2019 03:26:25,0.01,-0.91,-0.4
04 18 2019 03:27:25,0.01,-0.92,-0.4
04 18 2019 03:28:25,0.01,-0.92,-0.4
04 18 2019 03:29:25,0.01,-0.92,-0.4
04 18 2019 03:30:25,0.01,-0.92,-0.4
04 18 2019 03:31:25,0.01,-0.92,-0.4
04 18 2019 03:32:25,0.01,-0.92,-0.4
04 18 2019 03:33:25,0.01,-0.91,-0.4
04 18 2019 03:34:25,0.01,-0.92,-0.4
04 18 2019 03:35:25,0.01,-0.92,-0.4
04 18 2019 03:36:25,0.01,-0.92,-0.4
04 18 2019 03:37:25,0.01,-0.91,-0.4
04 18 2019 03:38:26,0.01,-0.92,-0.4
04 18 2019 03:39:26,0.01,-0.92,-0.4
04 18 2019 03:40:26,0.01,-0.92,-0.4
04 18 2019 03:41:26,0.01,-0.92,-0.4
04 18 2019 03:42:26,0.01,-0.92,-0.4
04 18 2019 03:43:26,0.01,-0.92,-0.4
04 18 2019 03:44:26,0.01,-0.92,-0.4
04 18 2019 03:45:26,0.01,-0.92,-0.4
04 18 2019 03:46:26,0.01,-0.92,-0.4
04 18 2019 03:47:26,0.01,-0.91,-0.4
04 18 2019 03:48:26,0.01,-0.92,-0.4
04 18 2019 03:49:26,0.01,-0.92,-0.4
04 18 2019 03:50:26,0.01,-0.92,-0.4
04 18 2019 03:51:26,0.01,-0.92,-0.4
04 18 2019 03:52:26,0.01,-0.92,-0.4
04 18 2019 03:53:26,0.01,-0.92,-0.4
04 18 2019 03:54:26,0.01,-0.92,-0.4
04 18 2019 03:55:26,0.01,-0.92,-0.4
04 18 2019 03:56:27,0.01,-0.92,-0.4
04 18 2019 03:57:27,0.01,-0.92,-0.4
04 18 2019 03:58:27,0.01,-0.92,-0.4
04 18 2019 03:59:27,0.01,-0.92,-0.4
04 18 2019 04:00:27,0.01,-0.92,-0.4
04 18 2019 04:01:27,0.01,-0.92,-0.4
04 18 2019 04:02:27,0.01,-0.92,-0.4
04 18 2019 04:03:27,0.01,-0.92,-0.4
04 18 2019 04:04:27,0.01,-0.92,-0.4
04 18 2019 04:05:27,0.01,-0.92,-0.4
04 18 2019 04:06:27,0.01,-0.92,-0.4
04 18 2019 04:07:27,0.01,-0.92,-0.4
04 18 2019 04:08:27,0.01,-0.91,-0.4
04 18 2019 04:09:27,0.01,-0.92,-0.4
04 18 2019 04:10:27,0.01,-0.92,-0.4
04 18 2019 04:11:28,0.01,-0.92,-0.4
04 18 2019 04:12:28,0.01,-0.91,-0.4
04 18 2019 04:13:28,0.01,-0.92,-0.4
04 18 2019 04:14:28,0.01,-0.92,-0.4
04 18 2019 04:15:28,0.01,-0.92,-0.4
04 18 2019 04:16:28,0.01,-0.92,-0.4
04 18 2019 04:17:28,0.01,-0.92,-0.4
04 18 2019 04:18:28,0.01,-0.92,-0.4
04 18 2019 04:19:28,0.01,-0.92,-0.4
04 18 2019 04:20:28,0.01,-0.92,-0.4
04 18 2019 04:21:28,0.01,-0.92,-0.4
04 18 2019 04:22:28,0.01,-0.92,-0.4
04 18 2019 04:23:28,0.01,-0.92,-0.4
04 18 2019 04:24:29,0.01,-0.92,-0.4
04 18 2019 04:25:29,0.01,-0.92,-0.4
04 18 2019 04:26:29,0.01,-0.92,-0.4
04 18 2019 04:27:29,0.01,-0.92,-0.4
04 18 2019 04:28:29,0.01,-0.92,-0.4
04 18 2019 04:29:29,0.01,-0.92,-0.4
04 18 2019 04:30:29,0.01,-0.92,-0.4
04 18 2019 04:31:29,0.01,-0.92,-0.4
04 18 2019 04:32:29,0.01,-0.91,-0.4
04 18 2019 04:33:29,0.01,-0.92,-0.4
04 18 2019 04:34:29,0.01,-0.92,-0.4
04 18 2019 04:35:29,0.01,-0.92,-0.4
04 18 2019 04:36:29,0.01,-0.91,-0.4
04 18 2019 04:37:29,0.01,-0.92,-0.4
04 18 2019 04:38:29,0.01,-0.91,-0.4
04 18 2019 04:39:29,0.01,-0.91,-0.4
04 18 2019 04:40:30,0.01,-0.92,-0.4
04 18 2019 04:41:30,0.01,-0.92,-0.4
04 18 2019 04:42:30,0.01,-0.92,-0.4
04 18 2019 04:43:30,0.01,-0.92,-0.4
04 18 2019 04:44:30,0.01,-0.92,-0.4
04 18 2019 04:45:30,0.01,-0.92,-0.4
04 18 2019 04:46:30,0.01,-0.92,-0.4
04 18 2019 04:47:30,0.01,-0.92,-0.4
04 18 2019 04:48:30,0.01,-0.92,-0.4
04 18 2019 04:49:30,0.01,-0.92,-0.4
04 18 2019 04:50:30,0.01,-0.92,-0.4
04 18 2019 04:51:30,0.01,-0.92,-0.4
04 18 2019 04:52:30,0.01,-0.92,-0.4
04 18 2019 04:53:30,0.01,-0.92,-0.4
04 18 2019 04:54:30,0.01,-0.92,-0.4
04 18 2019 04:55:30,0.01,-0.92,-0.4
04 18 2019 04:56:30,0.01,-0.92,-0.4
04 18 2019 04:57:31,0.01,-0.92,-0.4
04 18 2019 04:58:31,0.01,-0.92,-0.4
04 18 2019 04:59:31,0.01,-0.92,-0.4
04 18 2019 05:00:31,0.01,-0.92,-0.4
04 18 2019 05:01:31,0.01,-0.92,-0.4
04 18 2019 05:02:31,0.01,-0.92,-0.4
04 18 2019 05:03:31,0.01,-0.92,-0.4
04 18 2019 05:04:31,0.01,-0.92,-0.4
04 18 2019 05:05:31,0.01,-0.92,-0.4
04 18 2019 05:06:31,0.01,-0.92,-0.4
04 18 2019 05:07:31,0.01,-0.92,-0.4
04 18 2019 05:08:31,0.01,-0.92,-0.4
04 18 2019 05:09:31,0.01,-0.92,-0.4
04 18 2019 05:10:32,0.01,-0.92,-0.4
04 18 2019 05:11:32,0.01,-0.91,-0.4
04 18 2019 05:12:32,0.01,-0.92,-0.4
04 18 2019 05:13:32,0.01,-0.92,-0.4
04 18 2019 05:14:32,0.01,-0.92,-0.4
04 18 2019 05:15:32,0.01,-0.92,-0.4
04 18 2019 05:16:32,0.01,-0.92,-0.4
04 18 2019 05:17:32,0.01,-0.92,-0.4
04 18 2019 05:18:32,0.01,-0.92,-0.4
04 18 2019 05:19:32,0.01,-0.91,-0.4
04 18 2019 05:20:32,0.01,-0.92,-0.4
04 18 2019 05:21:32,0.01,-0.91,-0.4
04 18 2019 05:22:32,0.01,-0.92,-0.4
04 18 2019 05:23:32,0.01,-0.92,-0.4
04 18 2019 05:24:33,0.01,-0.92,-0.4
04 18 2019 05:25:33,0.01,-0.92,-0.4
04 18 2019 05:26:33,0.01,-0.91,-0.4
04 18 2019 05:27:33,0.01,-0.92,-0.4
04 18 2019 05:28:33,0.01,-0.92,-0.4
04 18 2019 05:29:33,0.01,-0.92,-0.4
04 18 2019 05:30:33,0.01,-0.92,-0.4
04 18 2019 05:31:33,0.01,-0.92,-0.4
04 18 2019 05:32:33,0.01,-0.92,-0.4
04 18 2019 05:33:33,0.01,-0.92,-0.4
04 18 2019 05:34:33,0.01,-0.92,-0.4
04 18 2019 05:35:33,0.01,-0.92,-0.4
04 18 2019 05:36:33,0.01,-0.92,-0.4
04 18 2019 05:37:33,0.01,-0.91,-0.4
04 18 2019 05:38:34,0.01,-0.92,-0.4
04 18 2019 05:39:34,0.01,-0.92,-0.4
04 18 2019 05:40:34,0.01,-0.92,-0.4
04 18 2019 05:41:34,0.01,-0.92,-0.4
04 18 2019 05:42:34,0.01,-0.92,-0.4
04 18 2019 05:43:34,0.01,-0.92,-0.4
04 18 2019 05:44:34,0.01,-0.92,-0.4
04 18 2019 05:45:34,0.01,-0.91,-0.4
04 18 2019 05:46:34,0.01,-0.92,-0.4
04 18 2019 05:47:34,0.01,-0.91,-0.4
04 18 2019 05:48:34,0.01,-0.92,-0.4
04 18 2019 05:49:34,0.01,-0.92,-0.4
04 18 2019 05:50:34,0.01,-0.92,-0.4
04 18 2019 05:51:34,0.01,-0.92,-0.4
04 18 2019 05:52:35,0.01,-0.92,-0.4
04 18 2019 05:53:35,0.01,-0.92,-0.4
04 18 2019 05:54:35,0.01,-0.92,-0.4
04 18 2019 05:55:35,0.01,-0.92,-0.4
04 18 2019 05:56:35,0.01,-0.91,-0.4
04 18 2019 05:57:35,0.01,-0.91,-0.4
04 18 2019 05:58:35,0.01,-0.92,-0.4
04 18 2019 05:59:35,0.01,-0.92,-0.4
04 18 2019 06:00:35,0.01,-0.92,-0.4
04 18 2019 06:01:35,0.01,-0.92,-0.4
04 18 2019 06:02:35,0.01,-0.92,-0.4
04 18 2019 06:03:35,0.01,-0.92,-0.4
04 18 2019 06:04:35,0.01,-0.92,-0.4
04 18 2019 06:05:35,0.01,-0.92,-0.4
04 18 2019 06:06:35,0.01,-0.92,-0.4
04 18 2019 06:07:36,0.01,-0.92,-0.4
04 18 2019 06:08:36,0.01,-0.92,-0.4
04 18 2019 06:09:36,0.01,-0.91,-0.4
04 18 2019 06:10:36,0.01,-0.92,-0.4
04 18 2019 06:11:36,0.01,-0.92,-0.4
04 18 2019 06:12:36,0.01,-0.92,-0.4
04 18 2019 06:13:36,0.01,-0.92,-0.4
04 18 2019 06:14:36,0.01,-0.92,-0.4
04 18 2019 06:15:36,0.01,-0.92,-0.4
04 18 2019 06:16:36,0.01,-0.92,-0.4
04 18 2019 06:17:36,0.01,-0.92,-0.4
04 18 2019 06:18:36,0.01,-0.92,-0.4
04 18 2019 06:19:36,0.01,-0.92,-0.4
04 18 2019 06:20:36,0.01,-0.92,-0.4
04 18 2019 06:21:36,0.01,-0.92,-0.4
04 18 2019 06:22:36,0.01,-0.92,-0.4
04 18 2019 06:23:36,0.01,-0.92,-0.4
04 18 2019 06:24:36,0.01,-0.92,-0.4
04 18 2019 06:25:36,0.01,-0.92,-0.4
04 18 2019 06:26:37,0.01,-0.91,-0.4
04 18 2019 06:27:37,0.01,-0.92,-0.4
04 18 2019 06:28:37,0.01,-0.92,-0.4
04 18 2019 06:29:37,0.01,-0.92,-0.4
04 18 2019 06:30:37,0.01,-0.92,-0.4
04 18 2019 06:31:37,0.01,-0.92,-0.4
04 18 2019 06:32:37,0.01,-0.92,-0.4
04 18 2019 06:33:37,0.01,-0.91,-0.4
04 18 2019 06:34:37,0.01,-0.92,-0.4
04 18 2019 06:35:37,0.01,-0.92,-0.4
04 18 2019 06:36:37,0.01,-0.92,-0.4
04 18 2019 06:37:37,0.01,-0.92,-0.4
04 18 2019 06:38:37,0.01,-0.92,-0.4
04 18 2019 06:39:37,0.01,-0.92,-0.4
04 18 2019 06:40:37,0.01,-0.91,-0.4
04 18 2019 06:41:37,0.01,-0.91,-0.4
04 18 2019 06:42:37,0.01,-0.92,-0.4
04 18 2019 06:43:37,0.01,-0.92,-0.4
04 18 2019 06:44:37,0.01,-0.91,-0.4
04 18 2019 06:45:37,0.01,-0.91,-0.4
04 18 2019 06:46:38,0.01,-0.92,-0.4
04 18 2019 06:47:38,0.01,-0.91,-0.4
04 18 2019 06:48:38,0.01,-0.92,-0.4
04 18 2019 06:49:38,0.01,-0.92,-0.4
04 18 2019 06:50:38,0.01,-0.91,-0.4
04 18 2019 06:51:38,0.01,-0.92,-0.4
04 18 2019 06:52:38,0.01,-0.92,-0.4
04 18 2019 06:53:38,0.01,-0.92,-0.4
04 18 2019 06:54:38,0.01,-0.92,-0.4
04 18 2019 06:55:38,0.01,-0.92,-0.4
04 18 2019 06:56:38,0.01,-0.91,-0.4
04 18 2019 06:57:38,0.01,-0.92,-0.4
04 18 2019 06:58:38,0.01,-0.92,-0.4
04 18 2019 06:59:38,0.01,-0.92,-0.4
04 18 2019 07:00:39,0.01,-0.92,-0.4
04 18 2019 07:01:39,0.01,-0.92,-0.4
04 18 2019 07:02:39,0.01,-0.92,-0.4
04 18 2019 07:03:39,0.01,-0.92,-0.4
04 18 2019 07:04:39,0.01,-0.91,-0.4
04 18 2019 07:05:39,0.01,-0.91,-0.4
04 18 2019 07:06:39,0.01,-0.92,-0.4
04 18 2019 07:07:39,0.01,-0.91,-0.4
04 18 2019 07:08:39,0.01,-0.92,-0.4
04 18 2019 07:09:39,0.01,-0.91,-0.4
04 18 2019 07:10:39,0.01,-0.91,-0.4
04 18 2019 07:11:39,0.01,-0.92,-0.4
04 18 2019 07:12:39,0.01,-0.92,-0.4
04 18 2019 07:13:39,0.01,-0.92,-0.4
04 18 2019 07:14:39,0.01,-0.91,-0.4
04 18 2019 07:15:40,0.01,-0.92,-0.4
04 18 2019 07:16:40,0.01,-0.91,-0.4
04 18 2019 07:17:40,0.01,-0.91,-0.4
04 18 2019 07:18:40,0.01,-0.92,-0.4
04 18 2019 07:19:40,0.01,-0.92,-0.4
04 18 2019 07:20:40,0.01,-0.92,-0.4
04 18 2019 07:21:40,0.01,-0.92,-0.4
04 18 2019 07:22:40,0.01,-0.91,-0.4
04 18 2019 07:23:40,0.01,-0.92,-0.4
04 18 2019 07:24:40,0.01,-0.92,-0.4
04 18 2019 07:25:40,0.01,-0.92,-0.4
04 18 2019 07:26:40,0.01,-0.92,-0.4
04 18 2019 07:27:40,0.01,-0.92,-0.4
04 18 2019 07:28:40,0.01,-0.91,-0.4
04 18 2019 07:29:41,0.01,-0.91,-0.4
04 18 2019 07:30:41,0.01,-0.92,-0.4
04 18 2019 07:31:41,0.01,-0.92,-0.4
04 18 2019 07:32:41,0.01,-0.92,-0.4
04 18 2019 07:33:41,0.01,-0.91,-0.4
04 18 2019 07:34:41,0.01,-0.91,-0.4
04 18 2019 07:35:41,0.01,-0.92,-0.4
04 18 2019 07:36:41,0.01,-0.91,-0.4
04 18 2019 07:37:41,0.01,-0.92,-0.4
04 18 2019 07:38:41,0.01,-0.92,-0.4
04 18 2019 07:39:41,0.01,-0.92,-0.4
04 18 2019 07:40:41,0.01,-0.92,-0.4
04 18 2019 07:41:41,0.01,-0.91,-0.4
04 18 2019 07:42:41,0.01,-0.92,-0.4
04 18 2019 07:43:41,0.01,-0.91,-0.4
04 18 2019 07:44:41,0.01,-0.92,-0.4
04 18 2019 07:45:41,0.01,-0.92,-0.4
04 18 2019 07:46:41,0.01,-0.92,-0.4
04 18 2019 07:47:41,0.01,-0.92,-0.4
04 18 2019 07:48:42,0.01,-0.92,-0.4
04 18 2019 07:49:42,0.01,-0.92,-0.4
04 18 2019 07:50:42,0.01,-0.92,-0.4
04 18 2019 07:51:42,0.01,-0.92,-0.4
04 18 2019 07:52:42,0.01,-0.92,-0.4
04 18 2019 07:53:42,0.01,-0.92,-0.4
04 18 2019 07:54:42,0.01,-0.92,-0.4
04 18 2019 07:55:42,0.01,-0.92,-0.4
04 18 2019 07:56:42,0.01,-0.92,-0.4
04 18 2019 07:57:42,0.01,-0.92,-0.4
04 18 2019 07:58:42,0.01,-0.92,-0.4
04 18 2019 07:59:42,0.01,-0.92,-0.4
04 18 2019 08:00:42,0.01,-0.92,-0.4
04 18 2019 08:01:42,0.01,-0.92,-0.4
04 18 2019 08:02:42,0.01,-0.91,-0.4
04 18 2019 08:03:42,0.01,-0.92,-0.4
04 18 2019 08:04:42,0.01,-0.92,-0.4
04 18 2019 08:05:42,0.01,-0.91,-0.4
04 18 2019 08:06:42,0.01,-0.92,-0.4
04 18 2019 08:07:43,0.01,-0.92,-0.4
04 18 2019 08:08:43,0.01,-0.91,-0.4
04 18 2019 08:09:43,0.01,-0.91,-0.4
04 18 2019 08:10:43,0.01,-0.92,-0.4
04 18 2019 08:11:43,0.01,-0.92,-0.4
04 18 2019 08:12:43,0.01,-0.92,-0.4
04 18 2019 08:13:43,0.01,-0.92,-0.4
04 18 2019 08:14:43,0.01,-0.92,-0.4
04 18 2019 08:15:43,0.01,-0.92,-0.4
04 18 2019 08:16:43,0.01,-0.92,-0.4
04 18 2019 08:17:43,0.01,-0.92,-0.4
04 18 2019 08:18:43,0.01,-0.92,-0.41
04 18 2019 08:19:43,0.01,-0.92,-0.4
04 18 2019 08:20:43,0.01,-0.92,-0.4
04 18 2019 08:21:43,0.01,-0.92,-0.4
04 18 2019 08:22:43,0.01,-0.92,-0.4
04 18 2019 08:23:43,0.01,-0.92,-0.4
04 18 2019 08:24:43,0.01,-0.91,-0.4
04 18 2019 08:25:44,0.01,-0.92,-0.4
04 18 2019 08:26:44,0.01,-0.92,-0.4
04 18 2019 08:27:44,0.01,-0.92,-0.4
04 18 2019 08:28:44,0.01,-0.91,-0.4
04 18 2019 08:29:44,0.01,-0.92,-0.4
04 18 2019 08:30:44,0.01,-0.92,-0.4
04 18 2019 08:31:44,0.01,-0.92,-0.4
04 18 2019 08:32:44,0.01,-0.92,-0.4
04 18 2019 08:33:44,0.01,-0.92,-0.4
04 18 2019 08:34:44,0.01,-0.92,-0.4
04 18 2019 08:35:44,0.01,-0.92,-0.4
04 18 2019 08:36:44,0.01,-0.92,-0.4
04 18 2019 08:37:44,0.01,-0.92,-0.4
04 18 2019 08:38:44,0.01,-0.92,-0.4
04 18 2019 08:39:44,0.01,-0.92,-0.4
04 18 2019 08:40:44,0.01,-0.92,-0.4
04 18 2019 08:41:45,0.01,-0.91,-0.4
04 18 2019 08:42:45,0.01,-0.92,-0.4
04 18 2019 08:43:45,0.01,-0.92,-0.4
04 18 2019 08:44:45,0.01,-0.92,-0.4
04 18 2019 08:45:45,0.01,-0.91,-0.4
04 18 2019 08:46:45,0.01,-0.92,-0.4
04 18 2019 08:47:45,0.01,-0.91,-0.4
04 18 2019 08:48:45,0.01,-0.92,-0.4
04 18 2019 08:49:45,0.01,-0.92,-0.4
04 18 2019 08:50:45,0.01,-0.91,-0.4
04 18 2019 08:51:45,0.01,-0.92,-0.4
04 18 2019 08:52:45,0.01,-0.92,-0.4
04 18 2019 08:53:45,0.01,-0.91,-0.4
04 18 2019 08:54:45,0.01,-0.91,-0.4
04 18 2019 08:55:45,0.01,-0.92,-0.4
04 18 2019 08:56:46,0.01,-0.92,-0.4
04 18 2019 08:57:46,0.01,-0.92,-0.4
04 18 2019 08:58:46,0.01,-0.91,-0.4
04 18 2019 08:59:46,0.01,-0.92,-0.4
04 18 2019 09:00:46,0.01,-0.91,-0.4
04 18 2019 09:01:46,0.01,-0.92,-0.4
04 18 2019 09:02:46,0.01,-0.92,-0.4
04 18 2019 09:03:46,0.01,-0.92,-0.4
04 18 2019 09:04:46,0.01,-0.91,-0.4
04 18 2019 09:05:46,0.01,-0.92,-0.4
04 18 2019 09:06:46,0.01,-0.92,-0.4
04 18 2019 09:07:46,0.01,-0.91,-0.4
04 18 2019 09:08:46,0.01,-0.92,-0.4
04 18 2019 09:09:46,0.01,-0.92,-0.4
04 18 2019 09:10:46,0.01,-0.92,-0.4
04 18 2019 09:11:47,0.01,-0.91,-0.4
04 18 2019 09:12:47,0.01,-0.92,-0.4
04 18 2019 09:13:47,0.01,-0.91,-0.4
04 18 2019 09:14:47,0.01,-0.92,-0.4
04 18 2019 09:15:47,0.01,-0.92,-0.4
04 18 2019 09:16:47,0.01,-0.92,-0.4
04 18 2019 09:17:47,0.01,-0.92,-0.4
04 18 2019 09:18:47,0.01,-0.92,-0.4
04 18 2019 09:19:47,0.01,-0.92,-0.4
04 18 2019 09:20:47,0.01,-0.92,-0.4
04 18 2019 09:21:47,0.01,-0.92,-0.4
04 18 2019 09:22:47,0.01,-0.92,-0.4
04 18 2019 09:23:47,0.01,-0.91,-0.4
04 18 2019 09:24:47,0.01,-0.92,-0.4
04 18 2019 09:25:47,0.01,-0.92,-0.4
04 18 2019 09:26:47,0.01,-0.92,-0.4
04 18 2019 09:27:47,0.01,-0.92,-0.4
04 18 2019 09:28:48,0.01,-0.92,-0.4
04 18 2019 09:29:48,0.01,-0.92,-0.4
04 18 2019 09:30:48,0.01,-0.92,-0.4
04 18 2019 09:31:48,0.01,-0.92,-0.4
04 18 2019 09:32:48,0.01,-0.92,-0.4
04 18 2019 09:33:48,0.01,-0.92,-0.4
04 18 2019 09:34:48,0.01,-0.92,-0.4
04 18 2019 09:35:48,0.01,-0.92,-0.4
04 18 2019 09:36:48,0.01,-0.92,-0.4
04 18 2019 09:37:48,0.01,-0.92,-0.4
04 18 2019 09:38:48,0.01,-0.92,-0.4
04 18 2019 09:39:48,0.01,-0.92,-0.4
04 18 2019 09:40:48,0.01,-0.92,-0.4
04 18 2019 09:41:48,0.01,-0.92,-0.4
04 18 2019 09:42:49,0.01,-0.92,-0.4
04 18 2019 09:43:49,0.01,-0.92,-0.4
04 18 2019 09:44:49,0.01,-0.92,-0.4
04 18 2019 09:45:49,0.01,-0.92,-0.4
04 18 2019 09:46:49,0.01,-0.92,-0.4
04 18 2019 09:47:49,0.01,-0.92,-0.4
04 18 2019 09:48:49,0.01,-0.92,-0.4
04 18 2019 09:49:49,0.01,-0.92,-0.4
04 18 2019 09:50:49,0.01,-0.92,-0.4
04 18 2019 09:51:49,0.01,-0.91,-0.4
04 18 2019 09:52:49,0.01,-0.91,-0.4
04 18 2019 09:53:49,0.01,-0.92,-0.4
04 18 2019 09:54:49,0.01,-0.92,-0.4
04 18 2019 09:55:49,0.01,-0.91,-0.4
04 18 2019 09:56:49,0.01,-0.92,-0.4
04 18 2019 09:57:49,0.01,-0.91,-0.4
04 18 2019 09:58:49,0.01,-0.92,-0.4
04 18 2019 09:59:49,0.01,-0.92,-0.4
04 18 2019 10:00:50,0.01,-0.92,-0.4
04 18 2019 10:01:50,0.01,-0.91,-0.4
04 18 2019 10:02:50,0.01,-0.92,-0.4
04 18 2019 10:03:50,0.01,-0.91,-0.4
04 18 2019 10:04:50,0.01,-0.92,-0.4
04 18 2019 10:05:50,0.01,-0.92,-0.4
04 18 2019 10:06:50,0.01,-0.91,-0.4
04 18 2019 10:07:50,0.01,-0.92,-0.4
04 18 2019 10:08:50,0.01,-0.92,-0.4
04 18 2019 10:09:50,0.01,-0.91,-0.4
04 18 2019 10:10:50,0.01,-0.92,-0.4
04 18 2019 10:11:50,0.01,-0.91,-0.4
04 18 2019 10:12:50,0.01,-0.92,-0.4
04 18 2019 10:13:50,0.01,-0.92,-0.4
04 18 2019 10:14:50,0.01,-0.92,-0.4
04 18 2019 10:15:50,0.01,-0.92,-0.4
04 18 2019 10:16:50,0.01,-0.92,-0.4
04 18 2019 10:17:50,0.01,-0.92,-0.4
04 18 2019 10:18:51,0.01,-0.92,-0.4
04 18 2019 10:19:51,0.01,-0.92,-0.4
04 18 2019 10:20:51,0.01,-0.92,-0.4
04 18 2019 10:21:51,0.01,-0.91,-0.4
04 18 2019 10:22:51,0.01,-0.91,-0.4
04 18 2019 10:23:51,0.01,-0.92,-0.4
04 18 2019 10:24:51,0.01,-0.92,-0.4
04 18 2019 10:25:51,0.01,-0.92,-0.4
04 18 2019 10:26:51,0.01,-0.92,-0.4
04 18 2019 10:27:51,0.01,-0.92,-0.4
04 18 2019 10:28:51,0.01,-0.92,-0.4
04 18 2019 10:29:51,0.01,-0.92,-0.4
04 18 2019 10:30:51,0.01,-0.92,-0.4
04 18 2019 10:31:51,0.01,-0.92,-0.4
04 18 2019 10:32:51,0.01,-0.91,-0.4
04 18 2019 10:33:51,0.01,-0.92,-0.4
04 18 2019 10:34:51,0.01,-0.92,-0.4
04 18 2019 10:35:51,0.01,-0.91,-0.4
04 18 2019 10:36:52,0.01,-0.92,-0.4
04 18 2019 10:37:52,0.01,-0.92,-0.4
04 18 2019 10:38:52,0.01,-0.92,-0.4
04 18 2019 10:39:52,0.01,-0.92,-0.4
04 18 2019 10:40:52,0.01,-0.91,-0.4
04 18 2019 10:41:52,0.01,-0.92,-0.4
04 18 2019 10:42:52,0.01,-0.91,-0.4
04 18 2019 10:43:52,0.01,-0.92,-0.4
04 18 2019 10:44:52,0.01,-0.91,-0.4
04 18 2019 10:45:52,0.01,-0.92,-0.4
04 18 2019 10:46:52,0.01,-0.92,-0.4
04 18 2019 10:47:52,0.01,-0.92,-0.4
04 18 2019 10:48:52,0.01,-0.92,-0.4
04 18 2019 10:49:52,0.01,-0.92,-0.4
04 18 2019 10:50:52,0.01,-0.92,-0.4
04 18 2019 10:51:52,0.01,-0.92,-0.4
04 18 2019 10:52:52,0.01,-0.92,-0.4
04 18 2019 10:53:53,0.01,-0.92,-0.4
04 18 2019 10:54:53,0.01,-0.92,-0.4
04 18 2019 10:55:53,0.01,-0.92,-0.4
04 18 2019 10:56:53,0.01,-0.92,-0.4
04 18 2019 10:57:53,0.01,-0.92,-0.4
04 18 2019 10:58:53,0.01,-0.91,-0.4
04 18 2019 10:59:53,0.01,-0.91,-0.4
04 18 2019 11:00:53,0.01,-0.92,-0.4
04 18 2019 11:01:53,0.01,-0.92,-0.4
04 18 2019 11:02:53,0.01,-0.92,-0.4
04 18 2019 11:03:53,0.01,-0.92,-0.4
04 18 2019 11:04:53,0.01,-0.92,-0.4
04 18 2019 11:05:53,0.01,-0.92,-0.4
04 18 2019 11:06:53,0.01,-0.92,-0.4
04 18 2019 11:07:53,0.01,-0.92,-0.4
04 18 2019 11:08:53,0.01,-0.91,-0.4
04 18 2019 11:09:54,0.01,-0.91,-0.4
04 18 2019 11:10:54,0.01,-0.92,-0.4
04 18 2019 11:11:54,0.01,-0.91,-0.4
04 18 2019 11:12:54,0.01,-0.91,-0.4
04 18 2019 11:13:54,0.01,-0.92,-0.4
04 18 2019 11:14:54,0.01,-0.92,-0.4
04 18 2019 11:15:54,0.01,-0.92,-0.4
04 18 2019 11:16:54,0.01,-0.92,-0.4
04 18 2019 11:17:54,0.01,-0.91,-0.4
04 18 2019 11:18:54,0.01,-0.92,-0.4
04 18 2019 11:19:54,0.01,-0.92,-0.4
04 18 2019 11:20:54,0.01,-0.91,-0.4
04 18 2019 11:21:54,0.01,-0.92,-0.4
04 18 2019 11:22:55,0.01,-0.92,-0.4
04 18 2019 11:23:55,0.01,-0.92,-0.4
04 18 2019 11:24:55,0.01,-0.92,-0.4
04 18 2019 11:25:55,0.01,-0.92,-0.4
04 18 2019 11:26:55,0.01,-0.91,-0.4
04 18 2019 11:27:55,0.01,-0.92,-0.4
04 18 2019 11:28:55,0.01,-0.92,-0.4
04 18 2019 11:29:55,0.01,-0.92,-0.4
04 18 2019 11:30:55,0.01,-0.92,-0.4
04 18 2019 11:31:55,0.01,-0.92,-0.4
04 18 2019 11:32:55,0.01,-0.91,-0.4
04 18 2019 11:33:55,0.01,-0.91,-0.4
04 18 2019 11:34:55,0.01,-0.92,-0.4
04 18 2019 11:35:55,0.01,-0.92,-0.4
04 18 2019 11:36:55,0.01,-0.92,-0.4
04 18 2019 11:37:56,0.01,-0.91,-0.4
04 18 2019 11:38:56,0.01,-0.91,-0.4
04 18 2019 11:39:56,0.01,-0.92,-0.4
04 18 2019 11:40:56,0.01,-0.92,-0.4
04 18 2019 11:41:56,0.01,-0.92,-0.4
04 18 2019 11:42:56,0.01,-0.91,-0.4
04 18 2019 11:43:56,0.01,-0.92,-0.4
04 18 2019 11:44:56,0.01,-0.92,-0.4
04 18 2019 11:45:56,0.01,-0.92,-0.4
04 18 2019 11:46:56,0.01,-0.92,-0.4
04 18 2019 11:47:56,0.01,-0.92,-0.4
04 18 2019 11:48:56,0.01,-0.92,-0.4
04 18 2019 11:49:56,0.01,-0.92,-0.4
04 18 2019 11:50:56,0.01,-0.92,-0.4
04 18 2019 11:51:56,0.01,-0.92,-0.4
04 18 2019 11:52:57,0.01,-0.92,-0.4
04 18 2019 11:53:57,0.01,-0.92,-0.4
04 18 2019 11:54:57,0.01,-0.92,-0.4
04 18 2019 11:55:57,0.01,-0.91,-0.4
04 18 2019 11:56:57,0.01,-0.92,-0.4
04 18 2019 11:57:57,0.01,-0.92,-0.4
04 18 2019 11:58:57,0.01,-0.91,-0.4
04 18 2019 11:59:57,0.01,-0.92,-0.4
04 18 2019 12:00:57,0.01,-0.92,-0.4
04 18 2019 12:01:57,0.01,-0.92,-0.4
04 18 2019 12:02:57,0.01,-0.92,-0.4
04 18 2019 12:03:57,0.01,-0.92,-0.4
04 18 2019 12:04:57,0.01,-0.92,-0.4
04 18 2019 12:05:57,0.01,-0.92,-0.4
04 18 2019 12:06:57,0.01,-0.92,-0.4
04 18 2019 12:07:57,0.01,-0.92,-0.4
04 18 2019 12:08:57,0.01,-0.91,-0.4
04 18 2019 12:09:57,0.01,-0.92,-0.4
04 18 2019 12:10:58,0.01,-0.92,-0.4
04 18 2019 12:11:58,0.01,-0.92,-0.4
04 18 2019 12:12:58,0.01,-0.92,-0.4
04 18 2019 12:13:58,0.01,-0.91,-0.4
04 18 2019 12:14:58,0.01,-0.92,-0.4
04 18 2019 12:15:58,0.01,-0.92,-0.4
04 18 2019 12:16:58,0.01,-0.92,-0.4
04 18 2019 12:17:58,0.01,-0.92,-0.4
04 18 2019 12:18:58,0.01,-0.92,-0.4
04 18 2019 12:19:58,0.01,-0.92,-0.4
04 18 2019 12:20:58,0.01,-0.92,-0.4
04 18 2019 12:21:58,0.01,-0.91,-0.4
04 18 2019 12:22:58,0.01,-0.92,-0.4
04 18 2019 12:23:58,0.01,-0.92,-0.4
04 18 2019 12:24:58,0.01,-0.92,-0.4
04 18 2019 12:25:58,0.01,-0.92,-0.4
04 18 2019 12:26:58,0.01,-0.92,-0.4
04 18 2019 12:27:59,0.01,-0.92,-0.4
04 18 2019 12:28:59,0.01,-0.92,-0.4
04 18 2019 12:29:59,0.01,-0.92,-0.4
04 18 2019 12:30:59,0.01,-0.92,-0.4
04 18 2019 12:31:59,0.01,-0.92,-0.4
04 18 2019 12:32:59,0.01,-0.92,-0.4
04 18 2019 12:33:59,0.01,-0.92,-0.4
04 18 2019 12:34:59,0.01,-0.92,-0.4
04 18 2019 12:35:59,0.01,-0.92,-0.4
04 18 2019 12:36:59,0.01,-0.92,-0.4
04 18 2019 12:37:59,0.01,-0.92,-0.4
04 18 2019 12:38:59,0.01,-0.92,-0.4
04 18 2019 12:39:59,0.01,-0.92,-0.4
04 18 2019 12:40:59,0.01,-0.92,-0.4
04 18 2019 12:41:59,0.01,-0.92,-0.4
04 18 2019 12:43:00,0.01,-0.92,-0.4
04 18 2019 12:44:00,0.01,-0.92,-0.4
04 18 2019 12:45:00,0.01,-0.92,-0.4
04 18 2019 12:46:00,0.01,-0.92,-0.4
04 18 2019 12:47:00,0.01,-0.92,-0.4
04 18 2019 12:48:00,0.01,-0.92,-0.4
04 18 2019 12:49:00,0.01,-0.92,-0.4
04 18 2019 12:50:00,0.01,-0.92,-0.4
04 18 2019 12:51:00,0.01,-0.91,-0.4
04 18 2019 12:52:00,0.01,-0.91,-0.4
04 18 2019 12:53:00,0.01,-0.92,-0.4
04 18 2019 12:54:00,0.01,-0.92,-0.4
04 18 2019 12:55:00,0.01,-0.92,-0.4
04 18 2019 12:56:00,0.01,-0.92,-0.4
04 18 2019 12:57:01,0.01,-0.92,-0.4
04 18 2019 12:58:01,0.01,-0.91,-0.4
04 18 2019 12:59:01,0.01,-0.92,-0.4
04 18 2019 13:00:01,0.01,-0.92,-0.4
04 18 2019 13:01:01,0.01,-0.92,-0.4
04 18 2019 13:02:01,0.01,-0.92,-0.4
04 18 2019 13:03:01,0.01,-0.92,-0.4
04 18 2019 13:04:01,0.01,-0.92,-0.4
04 18 2019 13:05:01,0.01,-0.92,-0.4
04 18 2019 13:06:01,0.01,-0.92,-0.4
04 18 2019 13:07:01,0.01,-0.91,-0.4
04 18 2019 13:08:01,0.01,-0.92,-0.4
04 18 2019 13:09:01,0.01,-0.91,-0.4
04 18 2019 13:10:01,0.01,-0.92,-0.4
04 18 2019 13:11:02,0.01,-0.92,-0.4
04 18 2019 13:12:02,0.01,-0.92,-0.4
04 18 2019 13:13:02,0.01,-0.92,-0.4
04 18 2019 13:14:02,0.01,-0.92,-0.4
04 18 2019 13:15:02,0.01,-0.91,-0.4
04 18 2019 13:16:02,0.01,-0.92,-0.4
04 18 2019 13:17:02,0.01,-0.92,-0.4
04 18 2019 13:18:02,0.01,-0.91,-0.4
04 18 2019 13:19:02,0.01,-0.92,-0.4
04 18 2019 13:20:02,0.01,-0.91,-0.4
04 18 2019 13:21:02,0.01,-0.92,-0.4
04 18 2019 13:22:02,0.01,-0.91,-0.4
04 18 2019 13:23:02,0.01,-0.92,-0.4
04 18 2019 13:24:02,0.01,-0.92,-0.4
04 18 2019 13:25:02,0.01,-0.92,-0.4
04 18 2019 13:26:02,0.01,-0.92,-0.4
04 18 2019 13:27:03,0.01,-0.92,-0.4
04 18 2019 13:28:03,0.01,-0.92,-0.4
04 18 2019 13:29:03,0.01,-0.91,-0.4
04 18 2019 13:30:03,0.01,-0.92,-0.4
04 18 2019 13:31:03,0.01,-0.92,-0.4
04 18 2019 13:32:03,0.01,-0.92,-0.4
04 18 2019 13:33:03,0.01,-0.92,-0.4
04 18 2019 13:34:03,0.01,-0.92,-0.4
04 18 2019 13:35:03,0.01,-0.92,-0.4
04 18 2019 13:36:03,0.01,-0.91,-0.4
04 18 2019 13:37:03,0.01,-0.92,-0.4
04 18 2019 13:38:03,0.01,-0.92,-0.4
04 18 2019 13:39:03,0.01,-0.92,-0.4
04 18 2019 13:40:03,0.01,-0.92,-0.4
04 18 2019 13:41:03,0.01,-0.92,-0.4
04 18 2019 13:42:03,0.01,-0.92,-0.4
04 18 2019 13:43:04,0.01,-0.92,-0.4
04 18 2019 13:44:04,0.01,-0.92,-0.4
04 18 2019 13:45:04,0.01,-0.92,-0.4
04 18 2019 13:46:04,0.01,-0.91,-0.4
04 18 2019 13:47:04,0.01,-0.92,-0.4
04 18 2019 13:48:04,0.01,-0.92,-0.4
04 18 2019 13:49:04,0.01,-0.92,-0.4
04 18 2019 13:50:04,0.01,-0.92,-0.4
04 18 2019 13:51:04,0.01,-0.92,-0.4
04 18 2019 13:52:04,0.01,-0.91,-0.4
04 18 2019 13:53:04,0.01,-0.92,-0.4
04 18 2019 13:54:04,0.01,-0.92,-0.4
04 18 2019 13:55:04,0.01,-0.92,-0.4
04 18 2019 13:56:04,0.01,-0.92,-0.4
04 18 2019 13:57:04,0.01,-0.91,-0.4
04 18 2019 13:58:05,0.01,-0.91,-0.4
04 18 2019 13:59:05,0.01,-0.92,-0.4
04 18 2019 14:00:05,0.01,-0.92,-0.4
04 18 2019 14:01:05,0.01,-0.92,-0.4
04 18 2019 14:02:05,0.01,-0.92,-0.4
04 18 2019 14:03:05,0.01,-0.92,-0.4
04 18 2019 14:04:05,0.01,-0.92,-0.4
04 18 2019 14:05:05,0.01,-0.91,-0.4
04 18 2019 14:06:05,0.01,-0.92,-0.4
04 18 2019 14:07:05,0.01,-0.91,-0.4
04 18 2019 14:08:05,0.01,-0.92,-0.4
04 18 2019 14:09:05,0.01,-0.92,-0.4
04 18 2019 14:10:05,0.01,-0.92,-0.4
04 18 2019 14:11:05,0.01,-0.92,-0.4
04 18 2019 14:12:05,0.01,-0.92,-0.4
04 18 2019 14:13:05,0.01,-0.92,-0.4
04 18 2019 14:14:06,0.01,-0.92,-0.4
04 18 2019 14:15:06,0.01,-0.92,-0.4
04 18 2019 14:16:06,0.01,-0.92,-0.4
04 18 2019 14:17:06,0.01,-0.91,-0.4
04 18 2019 14:18:06,0.01,-0.92,-0.4
04 18 2019 14:19:06,0.01,-0.92,-0.4
04 18 2019 14:20:06,0.01,-0.92,-0.4
04 18 2019 14:21:06,0.01,-0.92,-0.4
04 18 2019 14:22:06,0.01,-0.92,-0.4
04 18 2019 14:23:06,0.01,-0.92,-0.4
04 18 2019 14:24:06,0.01,-0.92,-0.4
04 18 2019 14:25:06,0.01,-0.92,-0.4
04 18 2019 14:26:06,0.01,-0.92,-0.4
04 18 2019 14:27:07,0.01,-0.92,-0.4
04 18 2019 14:28:07,0.01,-0.92,-0.4
04 18 2019 14:29:07,0.01,-0.92,-0.4
04 18 2019 14:30:07,0.01,-0.92,-0.4
04 18 2019 14:31:07,0.01,-0.92,-0.4
04 18 2019 14:32:07,0.01,-0.92,-0.4
04 18 2019 14:33:07,0.01,-0.92,-0.4
04 18 2019 14:34:07,0.01,-0.92,-0.4
04 18 2019 14:35:07,0.01,-0.92,-0.4
04 18 2019 14:36:07,0.01,-0.91,-0.4
04 18 2019 14:37:07,0.01,-0.92,-0.4
04 18 2019 14:38:07,0.01,-0.92,-0.4
04 18 2019 14:39:07,0.01,-0.92,-0.4
04 18 2019 14:40:07,0.01,-0.91,-0.4
04 18 2019 14:41:07,0.01,-0.92,-0.4
04 18 2019 14:42:07,0.01,-0.92,-0.4
04 18 2019 14:43:08,0.01,-0.92,-0.4
04 18 2019 14:44:08,0.01,-0.91,-0.4
04 18 2019 14:45:08,0.01,-0.92,-0.4
04 18 2019 14:46:08,0.01,-0.92,-0.4
04 18 2019 14:47:08,0.01,-0.91,-0.4
04 18 2019 14:48:08,0.01,-0.92,-0.4
04 18 2019 14:49:08,0.01,-0.92,-0.4
04 18 2019 14:50:08,0.01,-0.91,-0.4
04 18 2019 14:51:08,0.01,-0.91,-0.4
04 18 2019 14:52:08,0.01,-0.92,-0.4
04 18 2019 14:53:08,0.01,-0.92,-0.4
04 18 2019 14:54:08,0.01,-0.92,-0.4
04 18 2019 14:55:08,0.01,-0.92,-0.4
04 18 2019 14:56:08,0.01,-0.92,-0.4
04 18 2019 14:57:08,0.01,-0.92,-0.4
04 18 2019 14:58:09,0.01,-0.92,-0.4
04 18 2019 14:59:09,0.01,-0.92,-0.4
04 18 2019 15:00:09,0.01,-0.92,-0.4
04 18 2019 15:01:09,0.01,-0.92,-0.4
04 18 2019 15:02:09,0.01,-0.92,-0.4
04 18 2019 15:03:09,0.01,-0.92,-0.4
04 18 2019 15:04:09,0.01,-0.92,-0.4
04 18 2019 15:05:09,0.01,-0.91,-0.4
04 18 2019 15:06:09,0.01,-0.92,-0.4
04 18 2019 15:07:09,0.01,-0.91,-0.4
04 18 2019 15:08:09,0.01,-0.91,-0.4
04 18 2019 15:09:09,0.01,-0.91,-0.4
04 18 2019 15:10:09,0.01,-0.92,-0.4
04 18 2019 15:11:09,0.01,-0.92,-0.4
04 18 2019 15:12:09,0.01,-0.91,-0.4
04 18 2019 15:13:09,0.01,-0.92,-0.4
04 18 2019 15:14:10,0.01,-0.92,-0.4
04 18 2019 15:15:10,0.01,-0.92,-0.4
04 18 2019 15:16:10,0.01,-0.92,-0.4
04 18 2019 15:17:10,0.01,-0.91,-0.4
04 18 2019 15:18:10,0.01,-0.92,-0.4
04 18 2019 15:19:10,0.01,-0.92,-0.41
04 18 2019 15:20:10,0.01,-0.92,-0.4
04 18 2019 15:21:10,0.01,-0.92,-0.4
04 18 2019 15:22:10,0.01,-0.92,-0.4
04 18 2019 15:23:10,0.01,-0.92,-0.4
04 18 2019 15:24:10,0.01,-0.91,-0.4
04 18 2019 15:25:10,0.01,-0.92,-0.4
04 18 2019 15:26:10,0.01,-0.92,-0.4
04 18 2019 15:27:10,0.01,-0.92,-0.4
04 18 2019 15:28:10,0.01,-0.92,-0.4
04 18 2019 15:29:10,0.01,-0.91,-0.4
04 18 2019 15:30:10,0.01,-0.91,-0.4
04 18 2019 15:31:11,0.01,-0.92,-0.4
04 18 2019 15:32:11,0.01,-0.92,-0.4
04 18 2019 15:33:11,0.01,-0.92,-0.4
04 18 2019 15:34:11,0.01,-0.92,-0.4
04 18 2019 15:35:11,0.01,-0.92,-0.4
04 18 2019 15:36:11,0.01,-0.92,-0.4
04 18 2019 15:37:11,0.01,-0.92,-0.4
04 18 2019 15:38:11,0.01,-0.91,-0.4
04 18 2019 15:39:11,0.01,-0.92,-0.4
04 18 2019 15:40:11,0.01,-0.91,-0.4
04 18 2019 15:41:11,0.01,-0.92,-0.4
04 18 2019 15:42:11,0.01,-0.92,-0.4
04 18 2019 15:43:11,0.01,-0.91,-0.4
04 18 2019 15:44:11,0.01,-0.92,-0.4
04 18 2019 15:45:11,0.01,-0.92,-0.4
04 18 2019 15:46:11,0.01,-0.92,-0.4
04 18 2019 15:47:11,0.01,-0.92,-0.4
04 18 2019 15:48:11,0.01,-0.92,-0.4
04 18 2019 15:49:12,0.01,-0.92,-0.4
04 18 2019 15:50:12,0.01,-0.92,-0.4
04 18 2019 15:51:12,0.01,-0.92,-0.4
04 18 2019 15:52:12,0.01,-0.92,-0.4
04 18 2019 15:53:12,0.01,-0.92,-0.4
04 18 2019 15:54:12,0.01,-0.91,-0.4
04 18 2019 15:55:12,0.01,-0.91,-0.4
04 18 2019 15:56:12,0.01,-0.92,-0.4
04 18 2019 15:57:12,0.01,-0.92,-0.4
04 18 2019 15:58:12,0.01,-0.92,-0.4
04 18 2019 15:59:12,0.01,-0.92,-0.4
04 18 2019 16:00:12,0.01,-0.92,-0.4
04 18 2019 16:01:12,0.01,-0.92,-0.4
04 18 2019 16:02:13,0.01,-0.92,-0.4
04 18 2019 16:03:13,0.01,-0.91,-0.4
04 18 2019 16:04:13,0.01,-0.92,-0.4
04 18 2019 16:05:13,0.01,-0.91,-0.4
04 18 2019 16:06:13,0.01,-0.92,-0.4
04 18 2019 16:07:13,0.01,-0.92,-0.4
04 18 2019 16:08:13,0.01,-0.92,-0.4
04 18 2019 16:09:13,0.01,-0.92,-0.4
04 18 2019 16:10:13,0.01,-0.92,-0.4
04 18 2019 16:11:13,0.01,-0.92,-0.4
04 18 2019 16:12:13,0.01,-0.91,-0.4
04 18 2019 16:13:13,0.01,-0.92,-0.4
04 18 2019 16:14:13,0.01,-0.92,-0.4
04 18 2019 16:15:14,0.01,-0.92,-0.4
04 18 2019 16:16:14,0.01,-0.92,-0.4
04 18 2019 16:17:14,0.01,-0.92,-0.4
04 18 2019 16:18:14,0.01,-0.92,-0.4
04 18 2019 16:19:14,0.01,-0.92,-0.4
04 18 2019 16:20:14,0.01,-0.92,-0.4
04 18 2019 16:21:14,0.01,-0.92,-0.4
04 18 2019 16:22:14,0.01,-0.92,-0.4
04 18 2019 16:23:14,0.01,-0.91,-0.4
04 18 2019 16:24:14,0.01,-0.92,-0.4
04 18 2019 16:25:14,0.01,-0.92,-0.4
04 18 2019 16:26:14,0.01,-0.92,-0.4
04 18 2019 16:27:14,0.01,-0.92,-0.4
04 18 2019 16:28:14,0.01,-0.92,-0.4
04 18 2019 16:29:14,0.01,-0.92,-0.4
04 18 2019 16:30:14,0.01,-0.92,-0.4
04 18 2019 16:31:14,0.01,-0.92,-0.4
04 18 2019 16:32:14,0.01,-0.92,-0.4
04 18 2019 16:33:15,0.01,-0.92,-0.4
04 18 2019 16:34:15,0.01,-0.92,-0.4
04 18 2019 16:35:15,0.01,-0.92,-0.4
04 18 2019 16:36:15,0.01,-0.91,-0.4
04 18 2019 16:37:15,0.01,-0.92,-0.4
04 18 2019 16:38:15,0.01,-0.92,-0.4
04 18 2019 16:39:15,0.01,-0.92,-0.4
04 18 2019 16:40:15,0.01,-0.92,-0.4
04 18 2019 16:41:15,0.01,-0.92,-0.4
04 18 2019 16:42:15,0.01,-0.92,-0.4
04 18 2019 16:43:15,0.01,-0.92,-0.4
04 18 2019 16:44:15,0.01,-0.92,-0.4
04 18 2019 16:45:15,0.01,-0.92,-0.4
04 18 2019 16:46:15,0.01,-0.91,-0.4
04 18 2019 16:47:15,0.01,-0.92,-0.4
04 18 2019 16:48:15,0.01,-0.92,-0.4
04 18 2019 16:49:16,0.01,-0.92,-0.4
04 18 2019 16:50:16,0.01,-0.91,-0.4
04 18 2019 16:51:16,0.01,-0.92,-0.4
04 18 2019 16:52:16,0.01,-0.92,-0.4
04 18 2019 16:53:16,0.01,-0.92,-0.4
04 18 2019 16:54:16,0.01,-0.92,-0.4
04 18 2019 16:55:16,0.01,-0.92,-0.4
04 18 2019 16:56:16,0.01,-0.92,-0.4
04 18 2019 16:57:16,0.01,-0.92,-0.4
04 18 2019 16:58:16,0.01,-0.92,-0.4
04 18 2019 16:59:16,0.01,-0.92,-0.4
04 18 2019 17:00:16,0.01,-0.92,-0.4
04 18 2019 17:01:16,0.01,-0.92,-0.4
04 18 2019 17:02:17,0.01,-0.92,-0.4
04 18 2019 17:03:17,0.01,-0.92,-0.4
04 18 2019 17:04:17,0.01,-0.92,-0.4
04 18 2019 17:05:17,0.01,-0.92,-0.4
04 18 2019 17:06:17,0.01,-0.92,-0.4
04 18 2019 17:07:17,0.01,-0.92,-0.4
04 18 2019 17:08:17,0.01,-0.92,-0.4
04 18 2019 17:09:17,0.01,-0.92,-0.4
04 18 2019 17:10:17,0.01,-0.92,-0.4
04 18 2019 17:11:17,0.01,-0.92,-0.4
04 18 2019 17:12:17,0.01,-0.92,-0.4
04 18 2019 17:13:17,0.01,-0.92,-0.4
04 18 2019 17:14:17,0.01,-0.91,-0.4
04 18 2019 17:15:17,0.01,-0.92,-0.4
04 18 2019 17:16:17,0.01,-0.92,-0.4
04 18 2019 17:17:17,0.01,-0.92,-0.4
04 18 2019 17:18:17,0.01,-0.92,-0.4
04 18 2019 17:19:18,0.01,-0.92,-0.4
04 18 2019 17:20:18,0.01,-0.92,-0.4
04 18 2019 17:21:18,0.01,-0.91,-0.4
04 18 2019 17:22:18,0.01,-0.92,-0.4
04 18 2019 17:23:18,0.01,-0.92,-0.4
04 18 2019 17:24:18,0.01,-0.92,-0.4
04 18 2019 17:25:18,0.01,-0.92,-0.4
04 18 2019 17:26:18,0.01,-0.92,-0.4
04 18 2019 17:27:18,0.01,-0.92,-0.4
04 18 2019 17:28:18,0.01,-0.92,-0.4
04 18 2019 17:29:18,0.01,-0.92,-0.4
04 18 2019 17:30:18,0.01,-0.92,-0.4
04 18 2019 17:31:18,0.01,-0.92,-0.4
04 18 2019 17:32:18,0.01,-0.91,-0.4
04 18 2019 17:33:19,0.01,-0.92,-0.4
04 18 2019 17:34:19,0.01,-0.92,-0.4
04 18 2019 17:35:19,0.01,-0.92,-0.4
04 18 2019 17:36:19,0.01,-0.91,-0.4
04 18 2019 17:37:19,0.01,-0.92,-0.4
04 18 2019 17:38:19,0.01,-0.92,-0.4
04 18 2019 17:39:19,0.01,-0.92,-0.4
04 18 2019 17:40:19,0.01,-0.92,-0.4
04 18 2019 17:41:19,0.01,-0.92,-0.4
04 18 2019 17:42:19,0.01,-0.92,-0.4
04 18 2019 17:43:19,0.01,-0.92,-0.4
04 18 2019 17:44:19,0.01,-0.92,-0.4
04 18 2019 17:45:19,0.01,-0.92,-0.4
04 18 2019 17:46:19,0.01,-0.92,-0.4
04 18 2019 17:47:20,0.01,-0.92,-0.4
04 18 2019 17:48:20,0.01,-0.92,-0.4
04 18 2019 17:49:20,0.01,-0.92,-0.4
04 18 2019 17:50:20,0.01,-0.92,-0.4
04 18 2019 17:51:20,0.01,-0.92,-0.4
04 18 2019 17:52:20,0.01,-0.92,-0.4
04 18 2019 17:53:20,0.01,-0.91,-0.4
04 18 2019 17:54:20,0.01,-0.92,-0.4
04 18 2019 17:55:20,0.01,-0.91,-0.4
04 18 2019 17:56:20,0.01,-0.92,-0.4
04 18 2019 17:57:20,0.01,-0.92,-0.4
04 18 2019 17:58:20,0.01,-0.92,-0.4
04 18 2019 17:59:20,0.01,-0.92,-0.4
04 18 2019 18:00:21,0.01,-0.92,-0.4
04 18 2019 18:01:21,0.01,-0.92,-0.4
04 18 2019 18:02:21,0.01,-0.92,-0.4
04 18 2019 18:03:21,0.01,-0.92,-0.4
04 18 2019 18:04:21,0.01,-0.92,-0.4
04 18 2019 18:05:21,0.01,-0.92,-0.4
04 18 2019 18:06:21,0.01,-0.92,-0.4
04 18 2019 18:07:21,0.01,-0.92,-0.4
04 18 2019 18:08:21,0.01,-0.92,-0.4
04 18 2019 18:09:21,0.01,-0.92,-0.4
04 18 2019 18:10:21,0.01,-0.92,-0.4
04 18 2019 18:11:21,0.01,-0.92,-0.4
04 18 2019 18:12:21,0.01,-0.92,-0.4
04 18 2019 18:13:21,0.01,-0.91,-0.4
04 18 2019 18:14:21,0.01,-0.92,-0.4
04 18 2019 18:15:21,0.01,-0.92,-0.4
04 18 2019 18:16:21,0.01,-0.92,-0.4
04 18 2019 18:17:22,0.01,-0.92,-0.4
04 18 2019 18:18:22,0.01,-0.92,-0.4
04 18 2019 18:19:22,0.01,-0.92,-0.4
04 18 2019 18:20:22,0.01,-0.92,-0.4
04 18 2019 18:21:22,0.01,-0.92,-0.4
04 18 2019 18:22:22,0.01,-0.92,-0.4
04 18 2019 18:23:22,0.01,-0.92,-0.4
04 18 2019 18:24:22,0.01,-0.92,-0.4
04 18 2019 18:25:22,0.01,-0.91,-0.4
04 18 2019 18:26:22,0.01,-0.92,-0.4
04 18 2019 18:27:22,0.01,-0.92,-0.4
04 18 2019 18:28:22,0.01,-0.92,-0.4
04 18 2019 18:29:22,0.01,-0.92,-0.4
04 18 2019 18:30:22,0.01,-0.92,-0.4
04 18 2019 18:31:22,0.01,-0.91,-0.4
04 18 2019 18:32:22,0.01,-0.92,-0.4
04 18 2019 18:33:23,0.01,-0.92,-0.4
04 18 2019 18:34:23,0.01,-0.91,-0.4
04 18 2019 18:35:23,0.01,-0.92,-0.4
04 18 2019 18:36:23,0.01,-0.91,-0.4
04 18 2019 18:37:23,0.01,-0.92,-0.4
04 18 2019 18:38:23,0.01,-0.91,-0.4
04 18 2019 18:39:23,0.01,-0.92,-0.4
04 18 2019 18:40:23,0.01,-0.92,-0.4
04 18 2019 18:41:23,0.01,-0.91,-0.4
04 18 2019 18:42:23,0.01,-0.92,-0.4
04 18 2019 18:43:23,0.01,-0.92,-0.4
04 18 2019 18:44:23,0.01,-0.92,-0.4
04 18 2019 18:45:23,0.01,-0.91,-0.4
04 18 2019 18:46:23,0.01,-0.92,-0.4
04 18 2019 18:47:23,0.01,-0.92,-0.4
04 18 2019 18:48:24,0.01,-0.92,-0.4
04 18 2019 18:49:24,0.01,-0.92,-0.4
04 18 2019 18:50:24,0.01,-0.92,-0.4
04 18 2019 18:51:24,0.01,-0.91,-0.4
04 18 2019 18:52:24,0.01,-0.92,-0.4
04 18 2019 18:53:24,0.01,-0.92,-0.4
04 18 2019 18:54:24,0.01,-0.92,-0.4
04 18 2019 18:55:24,0.01,-0.92,-0.4
04 18 2019 18:56:24,0.01,-0.92,-0.4
04 18 2019 18:57:24,0.01,-0.92,-0.4
04 18 2019 18:58:24,0.01,-0.92,-0.4
04 18 2019 18:59:24,0.01,-0.92,-0.4
04 18 2019 19:00:24,0.01,-0.91,-0.4
04 18 2019 19:01:24,0.01,-0.92,-0.4
04 18 2019 19:02:24,0.01,-0.92,-0.4
04 18 2019 19:03:24,0.01,-0.92,-0.4
04 18 2019 19:04:24,0.01,-0.92,-0.4
04 18 2019 19:05:25,0.01,-0.92,-0.4
04 18 2019 19:06:25,0.01,-0.92,-0.4
04 18 2019 19:07:25,0.01,-0.92,-0.4
04 18 2019 19:08:25,0.01,-0.91,-0.4
04 18 2019 19:09:25,0.01,-0.91,-0.4
04 18 2019 19:10:25,0.01,-0.92,-0.4
04 18 2019 19:11:25,0.01,-0.92,-0.4
04 18 2019 19:12:25,0.01,-0.91,-0.4
04 18 2019 19:13:25,0.01,-0.92,-0.4
04 18 2019 19:14:25,0.01,-0.92,-0.4
04 18 2019 19:15:25,0.01,-0.92,-0.4
04 18 2019 19:16:25,0.01,-0.91,-0.4
04 18 2019 19:17:25,0.01,-0.92,-0.4
04 18 2019 19:18:25,0.01,-0.92,-0.4
04 18 2019 19:19:25,0.01,-0.92,-0.4
04 18 2019 19:20:26,0.01,-0.92,-0.4
04 18 2019 19:21:26,0.01,-0.92,-0.4
04 18 2019 19:22:26,0.01,-0.92,-0.4
04 18 2019 19:23:26,0.01,-0.92,-0.4
04 18 2019 19:24:26,0.01,-0.92,-0.4
04 18 2019 19:25:26,0.01,-0.92,-0.4
04 18 2019 19:26:26,0.01,-0.92,-0.4
04 18 2019 19:27:26,0.01,-0.92,-0.4
04 18 2019 19:28:26,0.01,-0.91,-0.4
04 18 2019 19:29:26,0.01,-0.91,-0.4
04 18 2019 19:30:26,0.01,-0.92,-0.4
04 18 2019 19:31:26,0.01,-0.92,-0.4
04 18 2019 19:32:26,0.01,-0.92,-0.4
04 18 2019 19:33:26,0.01,-0.91,-0.4
04 18 2019 19:34:26,0.01,-0.92,-0.4
04 18 2019 19:35:26,0.01,-0.92,-0.4
04 18 2019 19:36:26,0.01,-0.92,-0.4
04 18 2019 19:37:26,0.01,-0.92,-0.4
04 18 2019 19:38:27,0.01,-0.92,-0.4
04 18 2019 19:39:27,0.01,-0.91,-0.4
04 18 2019 19:40:27,0.01,-0.91,-0.4
04 18 2019 19:41:27,0.01,-0.92,-0.4
04 18 2019 19:42:27,0.01,-0.91,-0.4
04 18 2019 19:43:27,0.01,-0.92,-0.4
04 18 2019 19:44:27,0.01,-0.92,-0.4
04 18 2019 19:45:27,0.01,-0.92,-0.4
04 18 2019 19:46:27,0.01,-0.91,-0.4
04 18 2019 19:47:27,0.01,-0.92,-0.4
04 18 2019 19:48:27,0.01,-0.92,-0.4
04 18 2019 19:49:27,0.01,-0.92,-0.4
04 18 2019 19:50:27,0.01,-0.92,-0.4
04 18 2019 19:51:27,0.01,-0.91,-0.4
04 18 2019 19:52:27,0.01,-0.92,-0.4
04 18 2019 19:53:27,0.01,-0.92,-0.4
04 18 2019 19:54:27,0.01,-0.92,-0.4
04 18 2019 19:55:27,0.01,-0.91,-0.4
04 18 2019 19:56:28,0.01,-0.92,-0.4
04 18 2019 19:57:28,0.01,-0.92,-0.4
04 18 2019 19:58:28,0.01,-0.92,-0.4
04 18 2019 19:59:28,0.01,-0.91,-0.4
04 18 2019 20:00:28,0.01,-0.91,-0.4
04 18 2019 20:01:28,0.01,-0.92,-0.4
04 18 2019 20:02:28,0.01,-0.92,-0.4
04 18 2019 20:03:28,0.01,-0.92,-0.4
04 18 2019 20:04:28,0.01,-0.92,-0.4
04 18 2019 20:05:28,0.01,-0.92,-0.4
04 18 2019 20:06:28,0.01,-0.92,-0.4
04 18 2019 20:07:28,0.01,-0.91,-0.4
04 18 2019 20:08:28,0.01,-0.92,-0.4
04 18 2019 20:09:28,0.01,-0.92,-0.4
04 18 2019 20:10:28,0.01,-0.91,-0.4
04 18 2019 20:11:28,0.01,-0.92,-0.4
04 18 2019 20:12:28,0.01,-0.92,-0.4
04 18 2019 20:13:28,0.01,-0.92,-0.4
04 18 2019 20:14:28,0.01,-0.92,-0.4
04 18 2019 20:15:29,0.01,-0.91,-0.4
04 18 2019 20:16:29,0.01,-0.92,-0.4
04 18 2019 20:17:29,0.01,-0.92,-0.4
04 18 2019 20:18:29,0.01,-0.92,-0.4
04 18 2019 20:19:29,0.01,-0.92,-0.4
04 18 2019 20:20:29,0.01,-0.92,-0.4
04 18 2019 20:21:29,0.01,-0.92,-0.4
04 18 2019 20:22:29,0.01,-0.92,-0.4
04 18 2019 20:23:29,0.01,-0.92,-0.4
04 18 2019 20:24:29,0.01,-0.92,-0.4
04 18 2019 20:25:29,0.01,-0.91,-0.4
04 18 2019 20:26:29,0.01,-0.92,-0.4
04 18 2019 20:27:29,0.01,-0.92,-0.4
04 18 2019 20:28:29,0.01,-0.92,-0.4
04 18 2019 20:29:29,0.01,-0.92,-0.4
04 18 2019 20:30:29,0.01,-0.91,-0.4
04 18 2019 20:31:30,0.01,-0.92,-0.4
04 18 2019 20:32:30,0.01,-0.92,-0.4
04 18 2019 20:33:30,0.01,-0.92,-0.4
04 18 2019 20:34:30,0.01,-0.91,-0.4
04 18 2019 20:35:30,0.01,-0.91,-0.4
04 18 2019 20:36:30,0.01,-0.92,-0.4
04 18 2019 20:37:30,0.01,-0.92,-0.4
04 18 2019 20:38:30,0.01,-0.92,-0.4
04 18 2019 20:39:30,0.01,-0.92,-0.4
04 18 2019 20:40:30,0.01,-0.92,-0.4
04 18 2019 20:41:30,0.01,-0.92,-0.4
04 18 2019 20:42:30,0.01,-0.92,-0.4
04 18 2019 20:43:30,0.01,-0.92,-0.4
04 18 2019 20:44:30,0.01,-0.92,-0.4
04 18 2019 20:45:30,0.01,-0.92,-0.4
04 18 2019 20:46:31,0.01,-0.92,-0.4
04 18 2019 20:47:31,0.01,-0.91,-0.4
04 18 2019 20:48:31,0.01,-0.92,-0.4
04 18 2019 20:49:31,0.01,-0.92,-0.4
04 18 2019 20:50:31,0.01,-0.92,-0.4
04 18 2019 20:51:31,0.01,-0.92,-0.4
04 18 2019 20:52:31,0.01,-0.91,-0.4
04 18 2019 20:53:31,0.01,-0.92,-0.4
04 18 2019 20:54:31,0.01,-0.92,-0.4
04 18 2019 20:55:31,0.01,-0.92,-0.4
04 18 2019 20:56:31,0.01,-0.91,-0.4
04 18 2019 20:57:31,0.01,-0.91,-0.4
04 18 2019 20:58:31,0.01,-0.92,-0.4
04 18 2019 20:59:31,0.01,-0.92,-0.4
04 18 2019 21:00:31,0.01,-0.91,-0.4
04 18 2019 21:01:31,0.01,-0.92,-0.4
04 18 2019 21:02:32,0.01,-0.92,-0.4
04 18 2019 21:03:32,0.01,-0.92,-0.4
04 18 2019 21:04:32,0.01,-0.92,-0.4
04 18 2019 21:05:32,0.01,-0.92,-0.4
04 18 2019 21:06:32,0.01,-0.92,-0.4
04 18 2019 21:07:32,0.01,-0.92,-0.4
04 18 2019 21:08:32,0.01,-0.92,-0.4
04 18 2019 21:09:32,0.01,-0.92,-0.4
04 18 2019 21:10:32,0.01,-0.91,-0.4
04 18 2019 21:11:32,0.01,-0.92,-0.4
04 18 2019 21:12:32,0.01,-0.92,-0.4
04 18 2019 21:13:32,0.01,-0.92,-0.4
04 18 2019 21:14:32,0.01,-0.92,-0.4
04 18 2019 21:15:32,0.01,-0.92,-0.4
04 18 2019 21:16:32,0.01,-0.92,-0.4
04 18 2019 21:17:33,0.01,-0.92,-0.4
04 18 2019 21:18:33,0.01,-0.92,-0.4
04 18 2019 21:19:33,0.01,-0.92,-0.4
04 18 2019 21:20:33,0.01,-0.92,-0.4
04 18 2019 21:21:33,0.01,-0.92,-0.4
04 18 2019 21:22:33,0.01,-0.92,-0.4
04 18 2019 21:23:33,0.01,-0.92,-0.4
04 18 2019 21:24:33,0.01,-0.92,-0.4
04 18 2019 21:25:33,0.01,-0.92,-0.4
04 18 2019 21:26:33,0.01,-0.92,-0.4
04 18 2019 21:27:33,0.01,-0.92,-0.4
04 18 2019 21:28:33,0.01,-0.92,-0.4
04 18 2019 21:29:33,0.01,-0.92,-0.4
04 18 2019 21:30:33,0.01,-0.92,-0.4
04 18 2019 21:31:33,0.01,-0.92,-0.4
04 18 2019 21:32:33,0.01,-0.92,-0.4
04 18 2019 21:33:34,0.01,-0.92,-0.4
04 18 2019 21:34:34,0.01,-0.92,-0.4
04 18 2019 21:35:34,0.01,-0.92,-0.4
04 18 2019 21:36:34,0.01,-0.92,-0.4
04 18 2019 21:37:34,0.01,-0.92,-0.4
04 18 2019 21:38:34,0.01,-0.91,-0.4
04 18 2019 21:39:34,0.01,-0.91,-0.4
04 18 2019 21:40:34,0.01,-0.92,-0.4
04 18 2019 21:41:34,0.01,-0.91,-0.4
04 18 2019 21:42:34,0.01,-0.92,-0.4
04 18 2019 21:43:34,0.01,-0.91,-0.4
04 18 2019 21:44:34,0.01,-0.92,-0.4
04 18 2019 21:45:34,0.01,-0.92,-0.4
04 18 2019 21:46:34,0.01,-0.92,-0.4
04 18 2019 21:47:34,0.01,-0.92,-0.4
04 18 2019 21:48:34,0.01,-0.92,-0.4
04 18 2019 21:49:34,0.01,-0.92,-0.4
04 18 2019 21:50:34,0.01,-0.92,-0.4
04 18 2019 21:51:34,0.01,-0.92,-0.4
04 18 2019 21:52:35,0.01,-0.92,-0.4
04 18 2019 21:53:35,0.01,-0.92,-0.4
04 18 2019 21:54:35,0.01,-0.92,-0.4
04 18 2019 21:55:35,0.01,-0.92,-0.4
04 18 2019 21:56:35,0.01,-0.92,-0.4
04 18 2019 21:57:35,0.01,-0.92,-0.4
04 18 2019 21:58:35,0.01,-0.92,-0.4
04 18 2019 21:59:35,0.01,-0.92,-0.4
04 18 2019 22:00:35,0.01,-0.91,-0.4
04 18 2019 22:01:35,0.01,-0.92,-0.4
04 18 2019 22:02:35,0.01,-0.92,-0.4
04 18 2019 22:03:35,0.01,-0.92,-0.4
04 18 2019 22:04:35,0.01,-0.92,-0.4
04 18 2019 22:05:35,0.01,-0.92,-0.4
04 18 2019 22:06:35,0.01,-0.92,-0.4
04 18 2019 22:07:36,0.01,-0.92,-0.4
04 18 2019 22:08:36,0.01,-0.92,-0.4
04 18 2019 22:09:36,0.01,-0.92,-0.4
04 18 2019 22:10:36,0.01,-0.92,-0.4
04 18 2019 22:11:36,0.01,-0.92,-0.4
04 18 2019 22:12:36,0.01,-0.91,-0.4
04 18 2019 22:13:36,0.01,-0.92,-0.4
04 18 2019 22:14:36,0.01,-0.92,-0.4
04 18 2019 22:15:36,0.01,-0.92,-0.4
04 18 2019 22:16:36,0.01,-0.92,-0.4
04 18 2019 22:17:36,0.01,-0.91,-0.4
04 18 2019 22:18:36,0.01,-0.92,-0.4
04 18 2019 22:19:36,0.01,-0.92,-0.4
04 18 2019 22:20:36,0.01,-0.92,-0.4
04 18 2019 22:21:36,0.01,-0.92,-0.4
04 18 2019 22:22:36,0.01,-0.92,-0.4
04 18 2019 22:23:36,0.01,-0.92,-0.4
04 18 2019 22:24:37,0.01,-0.92,-0.4
04 18 2019 22:25:37,0.01,-0.92,-0.4
04 18 2019 22:26:37,0.01,-0.91,-0.4
04 18 2019 22:27:37,0.01,-0.92,-0.4
04 18 2019 22:28:37,0.01,-0.92,-0.4
04 18 2019 22:29:37,0.01,-0.92,-0.4
04 18 2019 22:30:37,0.01,-0.92,-0.4
04 18 2019 22:31:37,0.01,-0.91,-0.4
04 18 2019 22:32:37,0.01,-0.92,-0.4
04 18 2019 22:33:37,0.01,-0.91,-0.4
04 18 2019 22:34:37,0.01,-0.92,-0.4
04 18 2019 22:35:37,0.01,-0.92,-0.4
04 18 2019 22:36:37,0.01,-0.92,-0.4
04 18 2019 22:37:37,0.01,-0.92,-0.4
04 18 2019 22:38:37,0.01,-0.92,-0.4
04 18 2019 22:39:38,0.01,-0.92,-0.4
04 18 2019 22:40:38,0.01,-0.92,-0.4
04 18 2019 22:41:38,0.01,-0.92,-0.4
04 18 2019 22:42:38,0.01,-0.91,-0.4
04 18 2019 22:43:38,0.01,-0.92,-0.4
04 18 2019 22:44:38,0.01,-0.92,-0.4
04 18 2019 22:45:38,0.01,-0.92,-0.4
04 18 2019 22:46:38,0.01,-0.92,-0.4
04 18 2019 22:47:38,0.01,-0.92,-0.4
04 18 2019 22:48:38,0.01,-0.91,-0.4
04 18 2019 22:49:38,0.01,-0.92,-0.4
04 18 2019 22:50:38,0.01,-0.91,-0.4
04 18 2019 22:51:38,0.01,-0.92,-0.4
04 18 2019 22:52:38,0.01,-0.92,-0.4
04 18 2019 22:53:38,0.01,-0.92,-0.4
04 18 2019 22:54:39,0.01,-0.92,-0.4
04 18 2019 22:55:39,0.01,-0.92,-0.4
04 18 2019 22:56:39,0.01,-0.92,-0.4
04 18 2019 22:57:39,0.01,-0.92,-0.4
04 18 2019 22:58:39,0.01,-0.91,-0.4
04 18 2019 22:59:39,0.01,-0.92,-0.4
04 18 2019 23:00:39,0.01,-0.92,-0.4
04 18 2019 23:01:39,0.01,-0.92,-0.4
04 18 2019 23:02:39,0.01,-0.92,-0.4
04 18 2019 23:03:39,0.01,-0.92,-0.4
04 18 2019 23:04:39,0.01,-0.92,-0.4
04 18 2019 23:05:39,0.01,-0.92,-0.4
04 18 2019 23:06:39,0.01,-0.92,-0.4
04 18 2019 23:07:39,0.01,-0.92,-0.4
04 18 2019 23:08:39,0.01,-0.92,-0.4
04 18 2019 23:09:39,0.01,-0.92,-0.4
04 18 2019 23:10:39,0.01,-0.92,-0.4
04 18 2019 23:11:39,0.01,-0.92,-0.4
04 18 2019 23:12:39,0.01,-0.92,-0.4
04 18 2019 23:13:40,0.01,-0.92,-0.4
04 18 2019 23:14:40,0.01,-0.91,-0.4
04 18 2019 23:15:40,0.01,-0.92,-0.4
04 18 2019 23:16:40,0.01,-0.91,-0.4
04 18 2019 23:17:40,0.01,-0.92,-0.4
04 18 2019 23:18:40,0.01,-0.92,-0.4
04 18 2019 23:19:40,0.01,-0.92,-0.4
04 18 2019 23:20:40,0.01,-0.92,-0.4
04 18 2019 23:21:40,0.01,-0.92,-0.4
04 18 2019 23:22:40,0.01,-0.92,-0.4
04 18 2019 23:23:40,0.01,-0.92,-0.4
04 18 2019 23:24:40,0.01,-0.92,-0.4
04 18 2019 23:25:40,0.01,-0.92,-0.4
04 18 2019 23:26:40,0.01,-0.92,-0.4
04 18 2019 23:27:40,0.01,-0.92,-0.4
04 18 2019 23:28:40,0.01,-0.92,-0.4
04 18 2019 23:29:40,0.01,-0.92,-0.4
04 18 2019 23:30:40,0.01,-0.92,-0.4
04 18 2019 23:31:40,0.01,-0.92,-0.4
04 18 2019 23:32:41,0.01,-0.91,-0.4
04 18 2019 23:33:41,0.01,-0.92,-0.4
04 18 2019 23:34:41,0.01,-0.92,-0.4
04 18 2019 23:35:41,0.01,-0.92,-0.4
04 18 2019 23:36:41,0.01,-0.91,-0.4
04 18 2019 23:37:41,0.01,-0.91,-0.4
04 18 2019 23:38:41,0.01,-0.92,-0.4
04 18 2019 23:39:41,0.01,-0.92,-0.4
04 18 2019 23:40:41,0.01,-0.92,-0.4
04 18 2019 23:41:41,0.01,-0.92,-0.4
04 18 2019 23:42:41,0.01,-0.92,-0.4
04 18 2019 23:43:41,0.01,-0.91,-0.4
04 18 2019 23:44:41,0.01,-0.92,-0.4
04 18 2019 23:45:41,0.01,-0.92,-0.4
04 18 2019 23:46:41,0.01,-0.92,-0.4
04 18 2019 23:47:42,0.01,-0.92,-0.4
04 18 2019 23:48:42,0.01,-0.91,-0.4
04 18 2019 23:49:42,0.01,-0.92,-0.4
04 18 2019 23:50:42,0.01,-0.92,-0.4
04 18 2019 23:51:42,0.01,-0.92,-0.4
04 18 2019 23:52:42,0.01,-0.92,-0.4
04 18 2019 23:53:42,0.01,-0.92,-0.4
04 18 2019 23:54:42,0.01,-0.92,-0.4
04 18 2019 23:55:42,0.01,-0.91,-0.4
04 18 2019 23:56:42,0.01,-0.92,-0.4
04 18 2019 23:57:42,0.01,-0.91,-0.4
04 18 2019 23:58:42,0.01,-0.92,-0.4
04 18 2019 23:59:42,0.01,-0.92,-0.4
