03 29 2019 00:00:41,31.13
03 29 2019 00:01:41,31.3
03 29 2019 00:02:41,31.37
03 29 2019 00:03:41,31.23
03 29 2019 00:04:41,31.25
03 29 2019 00:05:41,31.2
03 29 2019 00:06:41,31.27
03 29 2019 00:07:41,31.3
03 29 2019 00:08:41,31.27
03 29 2019 00:09:41,31.3
03 29 2019 00:10:41,31.34
03 29 2019 00:11:41,31.34
03 29 2019 00:12:41,31.37
03 29 2019 00:13:41,31.25
03 29 2019 00:14:41,31.29
03 29 2019 00:15:42,31.29
03 29 2019 00:16:42,31.14
03 29 2019 00:17:42,30.97
03 29 2019 00:18:42,31.18
03 29 2019 00:19:42,31.16
03 29 2019 00:20:42,31.06
03 29 2019 00:21:42,31.11
03 29 2019 00:22:42,30.98
03 29 2019 00:23:42,30.9
03 29 2019 00:24:42,31.11
03 29 2019 00:25:42,30.95
03 29 2019 00:26:42,30.91
03 29 2019 00:27:42,30.88
03 29 2019 00:28:42,30.83
03 29 2019 00:29:42,30.9
03 29 2019 00:30:42,30.84
03 29 2019 00:31:42,30.81
03 29 2019 00:32:42,30.86
03 29 2019 00:33:43,30.88
03 29 2019 00:34:43,30.81
03 29 2019 00:35:43,30.84
03 29 2019 00:36:43,30.84
03 29 2019 00:37:43,30.97
03 29 2019 00:38:43,30.98
03 29 2019 00:39:43,30.79
03 29 2019 00:40:43,30.97
03 29 2019 00:41:43,30.88
03 29 2019 00:42:43,30.88
03 29 2019 00:43:43,30.83
03 29 2019 00:44:43,31.02
03 29 2019 00:45:43,31.11
03 29 2019 00:46:43,31.0
03 29 2019 00:47:43,31.0
03 29 2019 00:48:43,31.09
03 29 2019 00:49:44,31.0
03 29 2019 00:50:44,31.06
03 29 2019 00:51:44,30.95
03 29 2019 00:52:44,31.0
03 29 2019 00:53:44,30.93
03 29 2019 00:54:44,30.88
03 29 2019 00:55:44,30.9
03 29 2019 00:56:44,30.95
03 29 2019 00:57:44,31.13
03 29 2019 00:58:44,31.02
03 29 2019 00:59:44,31.13
03 29 2019 01:00:44,31.04
03 29 2019 01:01:44,31.13
03 29 2019 01:02:44,31.23
03 29 2019 01:03:44,31.18
03 29 2019 01:04:45,31.23
03 29 2019 01:05:45,31.14
03 29 2019 01:06:45,31.11
03 29 2019 01:07:45,31.11
03 29 2019 01:08:45,31.07
03 29 2019 01:09:45,31.14
03 29 2019 01:10:45,31.16
03 29 2019 01:11:45,31.21
03 29 2019 01:12:45,31.29
03 29 2019 01:13:45,31.27
03 29 2019 01:14:45,31.29
03 29 2019 01:15:45,31.18
03 29 2019 01:16:45,31.3
03 29 2019 01:17:45,31.23
03 29 2019 01:18:45,31.21
03 29 2019 01:19:45,31.48
03 29 2019 01:20:45,31.2
03 29 2019 01:21:45,31.18
03 29 2019 01:22:46,31.3
03 29 2019 01:23:46,31.27
03 29 2019 01:24:46,31.37
03 29 2019 01:25:46,31.32
03 29 2019 01:26:46,31.21
03 29 2019 01:27:46,31.34
03 29 2019 01:28:46,31.53
03 29 2019 01:29:46,31.23
03 29 2019 01:30:46,31.16
03 29 2019 01:31:46,31.27
03 29 2019 01:32:46,31.32
03 29 2019 01:33:46,31.32
03 29 2019 01:34:46,31.36
03 29 2019 01:35:46,31.3
03 29 2019 01:36:46,31.37
03 29 2019 01:37:46,31.44
03 29 2019 01:38:46,31.36
03 29 2019 01:39:46,31.25
03 29 2019 01:40:47,31.39
03 29 2019 01:41:47,31.2
03 29 2019 01:42:47,31.23
03 29 2019 01:43:47,31.21
03 29 2019 01:44:47,31.16
03 29 2019 01:45:47,31.11
03 29 2019 01:46:47,31.0
03 29 2019 01:47:47,31.0
03 29 2019 01:48:47,31.02
03 29 2019 01:49:47,30.98
03 29 2019 01:50:47,30.98
03 29 2019 01:51:47,31.02
03 29 2019 01:52:47,31.0
03 29 2019 01:53:47,30.86
03 29 2019 01:54:48,30.95
03 29 2019 01:55:48,30.88
03 29 2019 01:56:48,30.84
03 29 2019 01:57:48,30.88
03 29 2019 01:58:48,31.09
03 29 2019 01:59:48,30.81
03 29 2019 02:00:48,30.81
03 29 2019 02:01:48,30.84
03 29 2019 02:02:48,30.72
03 29 2019 02:03:48,31.0
03 29 2019 02:04:48,30.91
03 29 2019 02:05:48,30.81
03 29 2019 02:06:48,30.9
03 29 2019 02:07:48,30.88
03 29 2019 02:08:48,31.11
03 29 2019 02:09:48,30.97
03 29 2019 02:10:49,31.0
03 29 2019 02:11:49,30.95
03 29 2019 02:12:49,31.0
03 29 2019 02:13:49,31.04
03 29 2019 02:14:49,30.9
03 29 2019 02:15:49,31.11
03 29 2019 02:16:49,31.02
03 29 2019 02:17:49,30.93
03 29 2019 02:18:49,31.11
03 29 2019 02:19:49,31.11
03 29 2019 02:20:49,30.93
03 29 2019 02:21:49,31.02
03 29 2019 02:22:49,31.04
03 29 2019 02:23:49,31.02
03 29 2019 02:24:49,31.06
03 29 2019 02:25:50,31.07
03 29 2019 02:26:50,31.11
03 29 2019 02:27:50,31.14
03 29 2019 02:28:50,31.09
03 29 2019 02:29:50,30.98
03 29 2019 02:30:50,31.18
03 29 2019 02:31:50,31.02
03 29 2019 02:32:50,31.09
03 29 2019 02:33:50,31.21
03 29 2019 02:34:50,31.09
03 29 2019 02:35:50,31.16
03 29 2019 02:36:50,31.18
03 29 2019 02:37:50,31.16
03 29 2019 02:38:50,31.2
03 29 2019 02:39:50,31.2
03 29 2019 02:40:50,31.27
03 29 2019 02:41:51,31.21
03 29 2019 02:42:51,31.23
03 29 2019 02:43:51,31.25
03 29 2019 02:44:51,31.25
03 29 2019 02:45:51,31.18
03 29 2019 02:46:51,31.27
03 29 2019 02:47:51,31.27
03 29 2019 02:48:51,31.32
03 29 2019 02:49:51,31.21
03 29 2019 02:50:51,31.37
03 29 2019 02:51:51,31.37
03 29 2019 02:52:51,31.25
03 29 2019 02:53:51,31.34
03 29 2019 02:54:51,31.27
03 29 2019 02:55:51,31.3
03 29 2019 02:56:51,31.39
03 29 2019 02:57:51,31.37
03 29 2019 02:58:51,31.36
03 29 2019 02:59:51,31.41
03 29 2019 03:00:52,31.37
03 29 2019 03:01:52,31.43
03 29 2019 03:02:52,31.27
03 29 2019 03:03:52,31.32
03 29 2019 03:04:52,31.18
03 29 2019 03:05:52,31.37
03 29 2019 03:06:52,31.16
03 29 2019 03:07:52,31.16
03 29 2019 03:08:52,31.09
03 29 2019 03:09:52,31.13
03 29 2019 03:10:52,30.97
03 29 2019 03:11:52,30.97
03 29 2019 03:12:52,30.98
03 29 2019 03:13:52,30.98
03 29 2019 03:14:52,30.97
03 29 2019 03:15:52,30.84
03 29 2019 03:16:53,30.98
03 29 2019 03:17:53,31.0
03 29 2019 03:18:53,30.84
03 29 2019 03:19:53,30.88
03 29 2019 03:20:53,30.75
03 29 2019 03:21:53,30.86
03 29 2019 03:22:53,30.98
03 29 2019 03:23:53,30.86
03 29 2019 03:24:53,30.9
03 29 2019 03:25:53,30.98
03 29 2019 03:26:53,30.9
03 29 2019 03:27:53,31.0
03 29 2019 03:28:53,31.06
03 29 2019 03:29:53,31.02
03 29 2019 03:30:53,31.18
03 29 2019 03:31:54,30.93
03 29 2019 03:32:54,30.98
03 29 2019 03:33:54,31.07
03 29 2019 03:34:54,30.93
03 29 2019 03:35:54,30.9
03 29 2019 03:36:54,31.07
03 29 2019 03:37:54,31.04
03 29 2019 03:38:54,31.02
03 29 2019 03:39:54,31.07
03 29 2019 03:40:54,31.0
03 29 2019 03:41:54,31.02
03 29 2019 03:42:54,31.13
03 29 2019 03:43:54,31.02
03 29 2019 03:44:54,31.02
03 29 2019 03:45:54,31.02
03 29 2019 03:46:54,31.04
03 29 2019 03:47:55,31.13
03 29 2019 03:48:55,31.07
03 29 2019 03:49:55,31.11
03 29 2019 03:50:55,31.27
03 29 2019 03:51:55,31.04
03 29 2019 03:52:55,31.23
03 29 2019 03:53:55,31.25
03 29 2019 03:54:55,31.27
03 29 2019 03:55:55,31.21
03 29 2019 03:56:55,31.25
03 29 2019 03:57:55,31.23
03 29 2019 03:58:55,31.36
03 29 2019 03:59:55,31.32
03 29 2019 04:00:55,31.2
03 29 2019 04:01:55,31.14
03 29 2019 04:02:56,31.2
03 29 2019 04:03:56,31.3
03 29 2019 04:04:56,31.27
03 29 2019 04:05:56,31.27
03 29 2019 04:06:56,31.41
03 29 2019 04:07:56,31.32
03 29 2019 04:08:56,31.37
03 29 2019 04:09:56,31.41
03 29 2019 04:10:56,31.48
03 29 2019 04:11:56,31.27
03 29 2019 04:12:56,31.25
03 29 2019 04:13:56,31.23
03 29 2019 04:14:56,31.25
03 29 2019 04:15:56,31.36
03 29 2019 04:16:56,31.6
03 29 2019 04:17:56,31.39
03 29 2019 04:18:56,31.37
03 29 2019 04:19:57,31.39
03 29 2019 04:20:57,31.41
03 29 2019 04:21:57,31.44
03 29 2019 04:22:57,31.39
03 29 2019 04:23:57,31.43
03 29 2019 04:24:57,31.43
03 29 2019 04:25:57,31.43
03 29 2019 04:26:57,31.3
03 29 2019 04:27:57,31.23
03 29 2019 04:28:57,31.39
03 29 2019 04:29:57,31.32
03 29 2019 04:30:57,31.44
03 29 2019 04:31:57,31.48
03 29 2019 04:32:57,31.34
03 29 2019 04:33:57,31.3
03 29 2019 04:34:57,31.36
03 29 2019 04:35:57,31.25
03 29 2019 04:36:57,31.18
03 29 2019 04:37:58,31.07
03 29 2019 04:38:58,31.07
03 29 2019 04:39:58,31.04
03 29 2019 04:40:58,31.04
03 29 2019 04:41:58,30.93
03 29 2019 04:42:58,30.79
03 29 2019 04:43:58,30.95
03 29 2019 04:44:58,30.91
03 29 2019 04:45:58,30.98
03 29 2019 04:46:58,30.9
03 29 2019 04:47:58,31.0
03 29 2019 04:48:58,31.07
03 29 2019 04:49:58,31.11
03 29 2019 04:50:58,31.11
03 29 2019 04:51:58,31.04
03 29 2019 04:52:58,31.16
03 29 2019 04:53:58,31.27
03 29 2019 04:54:59,31.29
03 29 2019 04:55:59,31.34
03 29 2019 04:56:59,31.43
03 29 2019 04:57:59,31.27
03 29 2019 04:58:59,31.29
03 29 2019 04:59:59,31.29
03 29 2019 05:00:59,31.32
03 29 2019 05:01:59,31.43
03 29 2019 05:02:59,31.41
03 29 2019 05:03:59,31.39
03 29 2019 05:04:59,31.34
03 29 2019 05:05:59,31.5
03 29 2019 05:06:59,31.41
03 29 2019 05:07:59,31.5
03 29 2019 05:08:59,31.34
03 29 2019 05:09:59,31.36
03 29 2019 05:10:59,31.32
03 29 2019 05:11:59,31.36
03 29 2019 05:12:59,31.27
03 29 2019 05:13:59,31.25
03 29 2019 05:15:00,31.21
03 29 2019 05:16:00,31.16
03 29 2019 05:17:00,31.13
03 29 2019 05:18:00,31.18
03 29 2019 05:19:00,31.14
03 29 2019 05:20:00,30.98
03 29 2019 05:21:00,31.0
03 29 2019 05:22:00,31.11
03 29 2019 05:23:00,31.09
03 29 2019 05:24:00,30.93
03 29 2019 05:25:00,30.91
03 29 2019 05:26:00,30.95
03 29 2019 05:27:00,30.9
03 29 2019 05:28:00,30.86
03 29 2019 05:29:00,30.9
03 29 2019 05:30:00,30.86
03 29 2019 05:31:00,30.7
03 29 2019 05:32:01,30.93
03 29 2019 05:33:01,30.95
03 29 2019 05:34:01,30.93
03 29 2019 05:35:01,30.93
03 29 2019 05:36:01,30.75
03 29 2019 05:37:01,30.93
03 29 2019 05:38:01,30.91
03 29 2019 05:39:01,30.88
03 29 2019 05:40:01,30.93
03 29 2019 05:41:01,30.77
03 29 2019 05:42:01,30.95
03 29 2019 05:43:01,31.02
03 29 2019 05:44:01,30.77
03 29 2019 05:45:01,30.93
03 29 2019 05:46:02,30.86
03 29 2019 05:47:02,30.91
03 29 2019 05:48:02,31.06
03 29 2019 05:49:02,30.97
03 29 2019 05:50:02,31.06
03 29 2019 05:51:02,30.97
03 29 2019 05:52:02,31.02
03 29 2019 05:53:02,30.88
03 29 2019 05:54:02,31.11
03 29 2019 05:55:02,31.04
03 29 2019 05:56:02,31.11
03 29 2019 05:57:02,31.04
03 29 2019 05:58:02,31.04
03 29 2019 05:59:02,31.06
03 29 2019 06:00:02,31.13
03 29 2019 06:01:02,31.0
03 29 2019 06:02:02,31.14
03 29 2019 06:03:02,31.11
03 29 2019 06:04:02,31.11
03 29 2019 06:05:03,31.09
03 29 2019 06:06:03,31.23
03 29 2019 06:07:03,31.09
03 29 2019 06:08:03,31.14
03 29 2019 06:09:03,31.13
03 29 2019 06:10:03,31.2
03 29 2019 06:11:03,31.2
03 29 2019 06:12:03,31.23
03 29 2019 06:13:03,31.36
03 29 2019 06:14:03,31.27
03 29 2019 06:15:03,31.25
03 29 2019 06:16:03,31.2
03 29 2019 06:17:03,31.23
03 29 2019 06:18:03,31.27
03 29 2019 06:19:03,31.29
03 29 2019 06:20:03,31.27
03 29 2019 06:21:03,31.2
03 29 2019 06:22:03,31.27
03 29 2019 06:23:04,31.34
03 29 2019 06:24:04,31.34
03 29 2019 06:25:04,31.37
03 29 2019 06:26:04,31.41
03 29 2019 06:27:04,31.41
03 29 2019 06:28:04,31.52
03 29 2019 06:29:04,31.39
03 29 2019 06:30:04,31.44
03 29 2019 06:31:04,31.48
03 29 2019 06:32:04,31.39
03 29 2019 06:33:04,31.34
03 29 2019 06:34:04,31.5
03 29 2019 06:35:04,31.43
03 29 2019 06:36:05,31.48
03 29 2019 06:37:05,31.34
03 29 2019 06:38:05,31.41
03 29 2019 06:39:05,31.44
03 29 2019 06:40:05,31.53
03 29 2019 06:41:05,31.44
03 29 2019 06:42:05,31.36
03 29 2019 06:43:05,31.3
03 29 2019 06:44:05,31.23
03 29 2019 06:45:05,31.21
03 29 2019 06:46:05,31.23
03 29 2019 06:47:05,31.23
03 29 2019 06:48:05,31.16
03 29 2019 06:49:05,31.21
03 29 2019 06:50:05,31.06
03 29 2019 06:51:05,31.13
03 29 2019 06:52:05,31.0
03 29 2019 06:53:05,31.21
03 29 2019 06:54:05,31.04
03 29 2019 06:55:05,30.83
03 29 2019 06:56:05,30.97
03 29 2019 06:57:06,31.09
03 29 2019 06:58:06,31.02
03 29 2019 06:59:06,30.9
03 29 2019 07:00:06,31.04
03 29 2019 07:01:06,30.98
03 29 2019 07:02:06,31.07
03 29 2019 07:03:06,31.02
03 29 2019 07:04:06,31.04
03 29 2019 07:05:06,31.02
03 29 2019 07:06:06,31.04
03 29 2019 07:07:06,31.09
03 29 2019 07:08:06,31.0
03 29 2019 07:09:06,30.93
03 29 2019 07:10:06,30.93
03 29 2019 07:11:06,30.93
03 29 2019 07:12:06,30.97
03 29 2019 07:13:06,30.86
03 29 2019 07:14:06,30.98
03 29 2019 07:15:07,31.11
03 29 2019 07:16:07,30.95
03 29 2019 07:17:07,30.95
03 29 2019 07:18:07,30.95
03 29 2019 07:19:07,30.93
03 29 2019 07:20:07,30.98
03 29 2019 07:21:07,31.16
03 29 2019 07:22:07,31.13
03 29 2019 07:23:07,30.95
03 29 2019 07:24:07,31.14
03 29 2019 07:25:07,31.04
03 29 2019 07:26:07,31.06
03 29 2019 07:27:07,31.14
03 29 2019 07:28:07,31.13
03 29 2019 07:29:07,31.16
03 29 2019 07:30:07,31.25
03 29 2019 07:31:07,31.2
03 29 2019 07:32:08,31.16
03 29 2019 07:33:08,31.23
03 29 2019 07:34:08,31.2
03 29 2019 07:35:08,31.16
03 29 2019 07:36:08,31.34
03 29 2019 07:37:08,31.23
03 29 2019 07:38:08,31.34
03 29 2019 07:39:08,31.29
03 29 2019 07:40:08,31.23
03 29 2019 07:41:08,31.29
03 29 2019 07:42:08,31.44
03 29 2019 07:43:08,31.44
03 29 2019 07:44:08,31.25
03 29 2019 07:45:08,31.3
03 29 2019 07:46:08,31.29
03 29 2019 07:47:09,31.43
03 29 2019 07:48:09,31.36
03 29 2019 07:49:09,31.34
03 29 2019 07:50:09,31.36
03 29 2019 07:51:09,31.27
03 29 2019 07:52:09,31.43
03 29 2019 07:53:09,31.3
03 29 2019 07:54:09,31.36
03 29 2019 07:55:09,31.32
03 29 2019 07:56:09,31.16
03 29 2019 07:57:09,31.5
03 29 2019 07:58:09,31.34
03 29 2019 07:59:09,31.43
03 29 2019 08:00:09,31.43
03 29 2019 08:01:09,31.44
03 29 2019 08:02:09,31.32
03 29 2019 08:03:09,31.36
03 29 2019 08:04:09,31.41
03 29 2019 08:05:10,31.44
03 29 2019 08:06:10,31.2
03 29 2019 08:07:10,31.41
03 29 2019 08:08:10,31.41
03 29 2019 08:09:10,31.48
03 29 2019 08:10:10,31.39
03 29 2019 08:11:10,31.39
03 29 2019 08:12:10,31.34
03 29 2019 08:13:10,31.14
03 29 2019 08:14:10,31.23
03 29 2019 08:15:10,31.11
03 29 2019 08:16:10,31.04
03 29 2019 08:17:10,31.14
03 29 2019 08:18:10,31.02
03 29 2019 08:19:10,30.95
03 29 2019 08:20:10,30.95
03 29 2019 08:21:11,30.95
03 29 2019 08:22:11,30.81
03 29 2019 08:23:11,30.91
03 29 2019 08:24:11,30.79
03 29 2019 08:25:11,30.91
03 29 2019 08:26:11,30.97
03 29 2019 08:27:11,30.9
03 29 2019 08:28:11,31.02
03 29 2019 08:29:11,30.88
03 29 2019 08:30:11,30.93
03 29 2019 08:31:11,30.88
03 29 2019 08:32:11,30.79
03 29 2019 08:33:11,30.98
03 29 2019 08:34:11,30.95
03 29 2019 08:35:11,30.88
03 29 2019 08:36:11,30.93
03 29 2019 08:37:12,30.86
03 29 2019 08:38:12,30.91
03 29 2019 08:39:12,30.88
03 29 2019 08:40:12,31.02
03 29 2019 08:41:12,31.07
03 29 2019 08:42:12,30.95
03 29 2019 08:43:12,31.02
03 29 2019 08:44:12,30.98
03 29 2019 08:45:12,30.95
03 29 2019 08:46:12,31.07
03 29 2019 08:47:12,31.06
03 29 2019 08:48:12,30.98
03 29 2019 08:49:12,31.11
03 29 2019 08:50:12,30.97
03 29 2019 08:51:12,31.2
03 29 2019 08:52:12,31.06
03 29 2019 08:53:12,30.97
03 29 2019 08:54:12,31.06
03 29 2019 08:55:13,31.16
03 29 2019 08:56:13,31.18
03 29 2019 08:57:13,31.09
03 29 2019 08:58:13,31.06
03 29 2019 08:59:13,31.18
03 29 2019 09:00:13,31.21
03 29 2019 09:01:13,31.18
03 29 2019 09:02:13,31.21
03 29 2019 09:03:13,31.18
03 29 2019 09:04:13,31.16
03 29 2019 09:05:13,31.14
03 29 2019 09:06:13,31.2
03 29 2019 09:07:13,31.25
03 29 2019 09:08:13,31.25
03 29 2019 09:09:13,31.21
03 29 2019 09:10:13,31.29
03 29 2019 09:11:13,31.29
03 29 2019 09:12:13,31.2
03 29 2019 09:13:13,31.3
03 29 2019 09:14:13,31.29
03 29 2019 09:15:14,31.25
03 29 2019 09:16:14,31.29
03 29 2019 09:17:14,31.43
03 29 2019 09:18:14,31.46
03 29 2019 09:19:14,31.37
03 29 2019 09:20:14,31.44
03 29 2019 09:21:14,31.44
03 29 2019 09:22:14,31.41
03 29 2019 09:23:14,31.44
03 29 2019 09:24:14,31.41
03 29 2019 09:25:14,31.44
03 29 2019 09:26:14,31.37
03 29 2019 09:27:14,31.5
03 29 2019 09:28:14,31.44
03 29 2019 09:29:14,31.48
03 29 2019 09:30:14,31.44
03 29 2019 09:31:14,31.48
03 29 2019 09:32:14,31.46
03 29 2019 09:33:14,31.36
03 29 2019 09:34:15,31.37
03 29 2019 09:35:15,31.37
03 29 2019 09:36:15,31.39
03 29 2019 09:37:15,31.39
03 29 2019 09:38:15,31.46
03 29 2019 09:39:15,31.59
03 29 2019 09:40:15,31.46
03 29 2019 09:41:15,31.48
03 29 2019 09:42:15,31.44
03 29 2019 09:43:15,31.37
03 29 2019 09:44:15,31.23
03 29 2019 09:45:15,31.18
03 29 2019 09:46:15,31.2
03 29 2019 09:47:15,31.02
03 29 2019 09:48:16,30.86
03 29 2019 09:49:16,30.91
03 29 2019 09:50:16,30.97
03 29 2019 09:51:16,30.83
03 29 2019 09:52:16,31.11
03 29 2019 09:53:16,30.93
03 29 2019 09:54:16,30.95
03 29 2019 09:55:16,30.91
03 29 2019 09:56:16,30.83
03 29 2019 09:57:16,31.0
03 29 2019 09:58:16,30.81
03 29 2019 09:59:16,30.91
03 29 2019 10:00:16,31.04
03 29 2019 10:01:16,30.93
03 29 2019 10:02:17,30.91
03 29 2019 10:03:17,30.95
03 29 2019 10:04:17,30.95
03 29 2019 10:05:17,31.06
03 29 2019 10:06:17,30.75
03 29 2019 10:07:17,30.86
03 29 2019 10:08:17,31.02
03 29 2019 10:09:17,30.91
03 29 2019 10:10:17,30.98
03 29 2019 10:11:17,31.0
03 29 2019 10:12:17,30.95
03 29 2019 10:13:17,31.0
03 29 2019 10:14:17,31.09
03 29 2019 10:15:17,31.11
03 29 2019 10:16:17,31.06
03 29 2019 10:17:17,31.16
03 29 2019 10:18:17,31.16
03 29 2019 10:19:17,31.16
03 29 2019 10:20:17,31.21
03 29 2019 10:21:17,31.14
03 29 2019 10:22:18,31.2
03 29 2019 10:23:18,31.2
03 29 2019 10:24:18,31.27
03 29 2019 10:25:18,31.29
03 29 2019 10:26:18,31.2
03 29 2019 10:27:18,31.25
03 29 2019 10:28:18,31.09
03 29 2019 10:29:18,31.21
03 29 2019 10:30:18,31.18
03 29 2019 10:31:18,31.3
03 29 2019 10:32:18,31.34
03 29 2019 10:33:18,31.36
03 29 2019 10:34:18,31.34
03 29 2019 10:35:18,31.36
03 29 2019 10:36:18,31.29
03 29 2019 10:37:18,31.34
03 29 2019 10:38:18,31.37
03 29 2019 10:39:18,31.44
03 29 2019 10:40:18,31.32
03 29 2019 10:41:19,31.41
03 29 2019 10:42:19,31.41
03 29 2019 10:43:19,31.32
03 29 2019 10:44:19,31.43
03 29 2019 10:45:19,31.39
03 29 2019 10:46:19,31.48
03 29 2019 10:47:19,31.48
03 29 2019 10:48:19,31.36
03 29 2019 10:49:19,31.36
03 29 2019 10:50:19,31.43
03 29 2019 10:51:19,31.41
03 29 2019 10:52:19,31.37
03 29 2019 10:53:19,31.37
03 29 2019 10:54:19,31.34
03 29 2019 10:55:19,31.41
03 29 2019 10:56:19,31.44
03 29 2019 10:57:19,31.5
03 29 2019 10:58:19,31.43
03 29 2019 10:59:19,31.48
03 29 2019 11:00:20,31.48
03 29 2019 11:01:20,31.43
03 29 2019 11:02:20,31.48
03 29 2019 11:03:20,31.46
03 29 2019 11:04:20,31.64
03 29 2019 11:05:20,31.43
03 29 2019 11:06:20,31.37
03 29 2019 11:07:20,31.43
03 29 2019 11:08:20,31.39
03 29 2019 11:09:20,31.18
03 29 2019 11:10:20,31.11
03 29 2019 11:11:20,31.21
03 29 2019 11:12:20,31.13
03 29 2019 11:13:20,31.06
03 29 2019 11:14:20,31.21
03 29 2019 11:15:20,30.97
03 29 2019 11:16:20,30.97
03 29 2019 11:17:20,31.02
03 29 2019 11:18:20,30.88
03 29 2019 11:19:20,30.74
03 29 2019 11:20:21,30.84
03 29 2019 11:21:21,30.88
03 29 2019 11:22:21,31.07
03 29 2019 11:23:21,30.86
03 29 2019 11:24:21,30.95
03 29 2019 11:25:21,30.93
03 29 2019 11:26:21,30.98
03 29 2019 11:27:21,30.95
03 29 2019 11:28:21,30.95
03 29 2019 11:29:21,31.09
03 29 2019 11:30:21,31.0
03 29 2019 11:31:21,31.06
03 29 2019 11:32:21,31.09
03 29 2019 11:33:22,30.95
03 29 2019 11:34:22,31.23
03 29 2019 11:35:22,31.13
03 29 2019 11:36:22,31.2
03 29 2019 11:37:22,30.93
03 29 2019 11:38:22,31.04
03 29 2019 11:39:22,31.16
03 29 2019 11:40:22,31.25
03 29 2019 11:41:22,31.23
03 29 2019 11:42:22,31.25
03 29 2019 11:43:22,31.18
03 29 2019 11:44:22,31.18
03 29 2019 11:45:22,31.25
03 29 2019 11:46:22,31.3
03 29 2019 11:47:23,31.3
03 29 2019 11:48:23,31.36
03 29 2019 11:49:23,31.34
03 29 2019 11:50:23,31.29
03 29 2019 11:51:23,31.29
03 29 2019 11:52:23,31.32
03 29 2019 11:53:23,31.3
03 29 2019 11:54:23,31.34
03 29 2019 11:55:23,31.36
03 29 2019 11:56:23,31.36
03 29 2019 11:57:23,31.44
03 29 2019 11:58:23,31.44
03 29 2019 11:59:23,31.37
03 29 2019 12:00:23,31.32
03 29 2019 12:01:24,31.25
03 29 2019 12:02:24,31.48
03 29 2019 12:03:24,31.37
03 29 2019 12:04:24,31.52
03 29 2019 12:05:24,31.44
03 29 2019 12:06:24,31.43
03 29 2019 12:07:24,31.27
03 29 2019 12:08:24,31.34
03 29 2019 12:09:24,31.43
03 29 2019 12:10:24,31.27
03 29 2019 12:11:24,31.3
03 29 2019 12:12:24,31.5
03 29 2019 12:13:24,31.43
03 29 2019 12:14:24,31.5
03 29 2019 12:15:25,31.39
03 29 2019 12:16:25,31.27
03 29 2019 12:17:25,31.37
03 29 2019 12:18:25,31.44
03 29 2019 12:19:25,31.53
03 29 2019 12:20:25,31.3
03 29 2019 12:21:25,31.39
03 29 2019 12:22:25,31.55
03 29 2019 12:23:25,31.46
03 29 2019 12:24:25,31.23
03 29 2019 12:25:25,31.48
03 29 2019 12:26:25,31.48
03 29 2019 12:27:25,31.55
03 29 2019 12:28:25,31.46
03 29 2019 12:29:25,31.44
03 29 2019 12:30:26,31.52
03 29 2019 12:31:26,31.23
03 29 2019 12:32:26,31.36
03 29 2019 12:33:26,31.3
03 29 2019 12:34:26,31.14
03 29 2019 12:35:26,31.37
03 29 2019 12:36:26,31.14
03 29 2019 12:37:26,31.16
03 29 2019 12:38:26,31.18
03 29 2019 12:39:26,31.11
03 29 2019 12:40:26,31.16
03 29 2019 12:41:26,31.13
03 29 2019 12:42:26,31.06
03 29 2019 12:43:27,30.93
03 29 2019 12:44:27,31.16
03 29 2019 12:45:27,31.13
03 29 2019 12:46:27,31.06
03 29 2019 12:47:27,30.9
03 29 2019 12:48:27,31.0
03 29 2019 12:49:27,30.84
03 29 2019 12:50:27,31.07
03 29 2019 12:51:27,30.97
03 29 2019 12:52:27,31.02
03 29 2019 12:53:27,30.97
03 29 2019 12:54:27,31.0
03 29 2019 12:55:27,31.07
03 29 2019 12:56:28,30.91
03 29 2019 12:57:28,31.0
03 29 2019 12:58:28,31.09
03 29 2019 12:59:28,30.95
03 29 2019 13:00:28,31.07
03 29 2019 13:01:28,31.04
03 29 2019 13:02:28,31.06
03 29 2019 13:03:28,31.2
03 29 2019 13:04:28,31.21
03 29 2019 13:05:28,31.18
03 29 2019 13:06:28,31.27
03 29 2019 13:07:28,31.18
03 29 2019 13:08:28,31.39
03 29 2019 13:09:28,31.29
03 29 2019 13:10:28,31.25
03 29 2019 13:11:28,31.3
03 29 2019 13:12:29,31.23
03 29 2019 13:13:29,31.3
03 29 2019 13:14:29,31.27
03 29 2019 13:15:29,31.34
03 29 2019 13:16:29,31.41
03 29 2019 13:17:29,31.25
03 29 2019 13:18:29,31.34
03 29 2019 13:19:29,31.25
03 29 2019 13:20:29,31.44
03 29 2019 13:21:29,31.2
03 29 2019 13:22:29,31.39
03 29 2019 13:23:29,31.41
03 29 2019 13:24:29,31.39
03 29 2019 13:25:29,31.39
03 29 2019 13:26:29,31.39
03 29 2019 13:27:29,31.32
03 29 2019 13:28:30,31.41
03 29 2019 13:29:30,31.44
03 29 2019 13:30:30,31.37
03 29 2019 13:31:30,31.39
03 29 2019 13:32:30,31.34
03 29 2019 13:33:30,31.46
03 29 2019 13:34:30,31.44
03 29 2019 13:35:30,31.46
03 29 2019 13:36:30,31.5
03 29 2019 13:37:30,31.55
03 29 2019 13:38:30,31.41
03 29 2019 13:39:30,31.36
03 29 2019 13:40:30,31.46
03 29 2019 13:41:30,31.48
03 29 2019 13:42:30,31.48
03 29 2019 13:43:31,31.44
03 29 2019 13:44:31,31.46
03 29 2019 13:45:31,31.57
03 29 2019 13:46:31,31.43
03 29 2019 13:47:31,31.6
03 29 2019 13:48:31,31.55
03 29 2019 13:49:31,31.53
03 29 2019 13:50:31,31.48
03 29 2019 13:51:31,31.44
03 29 2019 13:52:31,31.52
03 29 2019 13:53:31,31.29
03 29 2019 13:54:31,31.32
03 29 2019 13:55:31,31.25
03 29 2019 13:56:31,30.98
03 29 2019 13:57:31,30.95
03 29 2019 13:58:32,31.0
03 29 2019 13:59:32,31.18
03 29 2019 14:00:32,31.06
03 29 2019 14:01:32,31.0
03 29 2019 14:02:32,31.04
03 29 2019 14:03:32,30.95
03 29 2019 14:04:32,30.9
03 29 2019 14:05:32,31.13
03 29 2019 14:06:32,30.98
03 29 2019 14:07:32,31.06
03 29 2019 14:08:32,31.07
03 29 2019 14:09:32,30.93
03 29 2019 14:10:32,31.02
03 29 2019 14:11:32,30.95
03 29 2019 14:12:32,30.93
03 29 2019 14:13:32,31.23
03 29 2019 14:14:32,30.97
03 29 2019 14:15:32,30.9
03 29 2019 14:16:33,30.97
03 29 2019 14:17:33,31.04
03 29 2019 14:18:33,30.97
03 29 2019 14:19:33,31.16
03 29 2019 14:20:33,31.04
03 29 2019 14:21:33,31.16
03 29 2019 14:22:33,31.09
03 29 2019 14:23:33,31.11
03 29 2019 14:24:33,31.18
03 29 2019 14:25:33,31.04
03 29 2019 14:26:33,31.13
03 29 2019 14:27:33,31.09
03 29 2019 14:28:33,30.93
03 29 2019 14:29:34,31.2
03 29 2019 14:30:34,31.04
03 29 2019 14:31:34,30.97
03 29 2019 14:32:34,31.14
03 29 2019 14:33:34,31.06
03 29 2019 14:34:34,31.18
03 29 2019 14:35:34,31.36
03 29 2019 14:36:34,31.25
03 29 2019 14:37:34,31.11
03 29 2019 14:38:34,31.23
03 29 2019 14:39:34,31.2
03 29 2019 14:40:34,31.36
03 29 2019 14:41:34,31.25
03 29 2019 14:42:34,31.29
03 29 2019 14:43:34,31.23
03 29 2019 14:44:34,31.27
03 29 2019 14:45:35,31.36
03 29 2019 14:46:35,31.34
03 29 2019 14:47:35,31.39
03 29 2019 14:48:35,31.27
03 29 2019 14:49:35,31.41
03 29 2019 14:50:35,31.29
03 29 2019 14:51:35,31.34
03 29 2019 14:52:35,31.41
03 29 2019 14:53:35,31.29
03 29 2019 14:54:35,31.46
03 29 2019 14:55:35,31.37
03 29 2019 14:56:35,31.53
03 29 2019 14:57:35,31.3
03 29 2019 14:58:35,31.5
03 29 2019 14:59:35,31.39
03 29 2019 15:00:35,31.5
03 29 2019 15:01:35,31.44
03 29 2019 15:02:35,31.43
03 29 2019 15:03:36,31.5
03 29 2019 15:04:36,31.43
03 29 2019 15:05:36,31.43
03 29 2019 15:06:36,31.46
03 29 2019 15:07:36,31.43
03 29 2019 15:08:36,31.48
03 29 2019 15:09:36,31.43
03 29 2019 15:10:36,31.48
03 29 2019 15:11:36,31.3
03 29 2019 15:12:36,31.46
03 29 2019 15:13:36,31.46
03 29 2019 15:14:36,31.55
03 29 2019 15:15:36,31.43
03 29 2019 15:16:36,31.48
03 29 2019 15:17:36,31.44
03 29 2019 15:18:36,31.43
03 29 2019 15:19:36,31.53
03 29 2019 15:20:36,31.41
03 29 2019 15:21:36,31.34
03 29 2019 15:22:36,31.36
03 29 2019 15:23:36,31.2
03 29 2019 15:24:37,31.25
03 29 2019 15:25:37,31.16
03 29 2019 15:26:37,31.25
03 29 2019 15:27:37,31.13
03 29 2019 15:28:37,31.07
03 29 2019 15:29:37,31.27
03 29 2019 15:30:37,31.04
03 29 2019 15:31:37,31.09
03 29 2019 15:32:37,31.11
03 29 2019 15:33:37,31.0
03 29 2019 15:34:37,31.13
03 29 2019 15:35:37,30.98
03 29 2019 15:36:37,31.11
03 29 2019 15:37:37,31.09
03 29 2019 15:38:37,30.95
03 29 2019 15:39:38,31.06
03 29 2019 15:40:38,31.09
03 29 2019 15:41:38,31.02
03 29 2019 15:42:38,30.95
03 29 2019 15:43:38,31.04
03 29 2019 15:44:38,31.13
03 29 2019 15:45:38,31.07
03 29 2019 15:46:38,30.9
03 29 2019 15:47:38,31.13
03 29 2019 15:48:38,30.97
03 29 2019 15:49:38,30.9
03 29 2019 15:50:38,31.0
03 29 2019 15:51:38,31.07
03 29 2019 15:52:38,31.13
03 29 2019 15:53:38,31.2
03 29 2019 15:54:38,31.0
03 29 2019 15:55:38,31.11
03 29 2019 15:56:39,30.97
03 29 2019 15:57:39,31.06
03 29 2019 15:58:39,31.14
03 29 2019 15:59:39,31.04
03 29 2019 16:00:39,31.07
03 29 2019 16:01:39,31.09
03 29 2019 16:02:39,31.21
03 29 2019 16:03:39,31.09
03 29 2019 16:04:39,31.25
03 29 2019 16:05:39,31.21
03 29 2019 16:06:39,31.29
03 29 2019 16:07:39,31.23
03 29 2019 16:08:39,31.23
03 29 2019 16:09:39,31.23
03 29 2019 16:10:39,31.23
03 29 2019 16:11:39,31.29
03 29 2019 16:12:39,31.36
03 29 2019 16:13:39,31.41
03 29 2019 16:14:40,31.23
03 29 2019 16:15:40,31.41
03 29 2019 16:16:40,31.23
03 29 2019 16:17:40,31.27
03 29 2019 16:18:40,31.27
03 29 2019 16:19:40,31.41
03 29 2019 16:20:40,31.34
03 29 2019 16:21:40,31.37
03 29 2019 16:22:40,31.41
03 29 2019 16:23:40,31.29
03 29 2019 16:24:40,31.25
03 29 2019 16:25:40,31.36
03 29 2019 16:26:40,31.37
03 29 2019 16:27:40,31.36
03 29 2019 16:28:41,31.2
03 29 2019 16:29:41,31.27
03 29 2019 16:30:41,31.37
03 29 2019 16:31:41,31.39
03 29 2019 16:32:41,31.44
03 29 2019 16:33:41,31.52
03 29 2019 16:34:41,31.52
03 29 2019 16:35:41,31.44
03 29 2019 16:36:41,31.41
03 29 2019 16:37:41,31.5
03 29 2019 16:38:41,31.46
03 29 2019 16:39:41,31.5
03 29 2019 16:40:42,31.44
03 29 2019 16:41:42,31.53
03 29 2019 16:42:42,31.43
03 29 2019 16:43:42,31.32
03 29 2019 16:44:42,31.3
03 29 2019 16:45:42,31.18
03 29 2019 16:46:42,31.09
03 29 2019 16:47:42,31.21
03 29 2019 16:48:42,31.02
03 29 2019 16:49:42,31.09
03 29 2019 16:50:42,31.04
03 29 2019 16:51:42,30.9
03 29 2019 16:52:42,31.04
03 29 2019 16:53:42,31.0
03 29 2019 16:54:43,30.97
03 29 2019 16:55:43,30.97
03 29 2019 16:56:43,30.93
03 29 2019 16:57:43,31.11
03 29 2019 16:58:43,30.97
03 29 2019 16:59:43,30.86
03 29 2019 17:00:43,30.98
03 29 2019 17:01:43,30.93
03 29 2019 17:02:43,30.98
03 29 2019 17:03:43,30.93
03 29 2019 17:04:43,30.93
03 29 2019 17:05:43,31.11
03 29 2019 17:06:43,30.93
03 29 2019 17:07:43,30.9
03 29 2019 17:08:43,30.86
03 29 2019 17:09:43,30.91
03 29 2019 17:10:43,30.79
03 29 2019 17:11:43,31.0
03 29 2019 17:12:43,31.04
03 29 2019 17:13:43,31.11
03 29 2019 17:14:43,30.97
03 29 2019 17:15:43,31.13
03 29 2019 17:16:43,31.06
03 29 2019 17:17:44,31.11
03 29 2019 17:18:44,31.13
03 29 2019 17:19:44,31.14
03 29 2019 17:20:44,31.09
03 29 2019 17:21:44,31.07
03 29 2019 17:22:44,31.04
03 29 2019 17:23:44,31.11
03 29 2019 17:24:44,31.23
03 29 2019 17:25:44,31.14
03 29 2019 17:26:44,31.07
03 29 2019 17:27:44,31.13
03 29 2019 17:28:44,31.11
03 29 2019 17:29:44,31.13
03 29 2019 17:30:44,31.2
03 29 2019 17:31:44,31.11
03 29 2019 17:32:44,31.3
03 29 2019 17:33:44,31.2
03 29 2019 17:34:44,31.3
03 29 2019 17:35:44,31.29
03 29 2019 17:36:44,31.21
03 29 2019 17:37:44,31.23
03 29 2019 17:38:45,31.25
03 29 2019 17:39:45,31.32
03 29 2019 17:40:45,31.3
03 29 2019 17:41:45,31.29
03 29 2019 17:42:45,31.37
03 29 2019 17:43:45,31.34
03 29 2019 17:44:45,31.32
03 29 2019 17:45:45,31.29
03 29 2019 17:46:45,31.39
03 29 2019 17:47:45,31.3
03 29 2019 17:48:45,31.5
03 29 2019 17:49:45,31.44
03 29 2019 17:50:45,31.41
03 29 2019 17:51:45,31.41
03 29 2019 17:52:45,31.41
03 29 2019 17:53:45,31.41
03 29 2019 17:54:45,31.41
03 29 2019 17:55:46,31.37
03 29 2019 17:56:46,31.41
03 29 2019 17:57:46,31.41
03 29 2019 17:58:46,31.44
03 29 2019 17:59:46,31.37
03 29 2019 18:00:46,31.36
03 29 2019 18:01:46,31.53
03 29 2019 18:02:46,31.53
03 29 2019 18:03:46,31.43
03 29 2019 18:04:46,31.36
03 29 2019 18:05:46,31.44
03 29 2019 18:06:46,31.43
03 29 2019 18:07:46,31.5
03 29 2019 18:08:47,31.43
03 29 2019 18:09:47,31.39
03 29 2019 18:10:47,31.44
03 29 2019 18:11:47,31.3
03 29 2019 18:12:47,31.21
03 29 2019 18:13:47,31.23
03 29 2019 18:14:47,31.11
03 29 2019 18:15:47,31.07
03 29 2019 18:16:47,31.16
03 29 2019 18:17:47,31.13
03 29 2019 18:18:47,30.95
03 29 2019 18:19:47,31.07
03 29 2019 18:20:47,31.04
03 29 2019 18:21:47,31.02
03 29 2019 18:22:47,31.11
03 29 2019 18:23:48,30.93
03 29 2019 18:24:48,31.02
03 29 2019 18:25:48,31.0
03 29 2019 18:26:48,31.04
03 29 2019 18:27:48,31.04
03 29 2019 18:28:48,31.02
03 29 2019 18:29:48,30.79
03 29 2019 18:30:48,31.02
03 29 2019 18:31:48,31.04
03 29 2019 18:32:48,31.2
03 29 2019 18:33:48,31.09
03 29 2019 18:34:48,31.02
03 29 2019 18:35:48,31.06
03 29 2019 18:36:48,31.13
03 29 2019 18:37:48,31.02
03 29 2019 18:38:48,31.11
03 29 2019 18:39:48,30.97
03 29 2019 18:40:48,31.16
03 29 2019 18:41:48,31.04
03 29 2019 18:42:49,31.18
03 29 2019 18:43:49,30.97
03 29 2019 18:44:49,31.07
03 29 2019 18:45:49,31.02
03 29 2019 18:46:49,31.16
03 29 2019 18:47:49,31.11
03 29 2019 18:48:49,31.06
03 29 2019 18:49:49,31.18
03 29 2019 18:50:49,31.13
03 29 2019 18:51:49,31.29
03 29 2019 18:52:49,31.2
03 29 2019 18:53:49,31.16
03 29 2019 18:54:49,31.18
03 29 2019 18:55:50,31.3
03 29 2019 18:56:50,31.21
03 29 2019 18:57:50,31.21
03 29 2019 18:58:50,31.32
03 29 2019 18:59:50,31.3
03 29 2019 19:00:50,31.32
03 29 2019 19:01:50,31.23
03 29 2019 19:02:50,31.25
03 29 2019 19:03:50,31.3
03 29 2019 19:04:50,31.41
03 29 2019 19:05:50,31.34
03 29 2019 19:06:50,31.34
03 29 2019 19:07:50,31.43
03 29 2019 19:08:50,31.36
03 29 2019 19:09:50,31.43
03 29 2019 19:10:50,31.37
03 29 2019 19:11:50,31.34
03 29 2019 19:12:51,31.46
03 29 2019 19:13:51,31.46
03 29 2019 19:14:51,31.34
03 29 2019 19:15:51,31.43
03 29 2019 19:16:51,31.36
03 29 2019 19:17:51,31.39
03 29 2019 19:18:51,31.37
03 29 2019 19:19:51,31.44
03 29 2019 19:20:51,31.41
03 29 2019 19:21:51,31.41
03 29 2019 19:22:51,31.46
03 29 2019 19:23:51,31.43
03 29 2019 19:24:51,31.37
03 29 2019 19:25:51,31.57
03 29 2019 19:26:52,31.57
03 29 2019 19:27:52,31.53
03 29 2019 19:28:52,31.52
03 29 2019 19:29:52,31.53
03 29 2019 19:30:52,31.44
03 29 2019 19:31:52,31.37
03 29 2019 19:32:52,31.3
03 29 2019 19:33:52,31.23
03 29 2019 19:34:52,31.14
03 29 2019 19:35:52,31.23
03 29 2019 19:36:52,31.13
03 29 2019 19:37:52,31.07
03 29 2019 19:38:52,31.07
03 29 2019 19:39:52,31.14
03 29 2019 19:40:52,31.0
03 29 2019 19:41:52,31.09
03 29 2019 19:42:52,31.09
03 29 2019 19:43:52,30.86
03 29 2019 19:44:53,31.07
03 29 2019 19:45:53,30.97
03 29 2019 19:46:53,30.93
03 29 2019 19:47:53,31.07
03 29 2019 19:48:53,30.95
03 29 2019 19:49:53,31.02
03 29 2019 19:50:53,30.91
03 29 2019 19:51:53,30.93
03 29 2019 19:52:53,31.02
03 29 2019 19:53:53,31.13
03 29 2019 19:54:53,31.06
03 29 2019 19:55:53,30.93
03 29 2019 19:56:54,30.93
03 29 2019 19:57:54,31.11
03 29 2019 19:58:54,31.02
03 29 2019 19:59:54,30.97
03 29 2019 20:00:54,31.09
03 29 2019 20:01:54,30.98
03 29 2019 20:02:54,31.06
03 29 2019 20:03:54,30.98
03 29 2019 20:04:54,31.09
03 29 2019 20:05:54,31.04
03 29 2019 20:06:54,31.07
03 29 2019 20:07:54,31.07
03 29 2019 20:08:54,30.97
03 29 2019 20:09:55,31.13
03 29 2019 20:10:55,31.07
03 29 2019 20:11:55,31.07
03 29 2019 20:12:55,31.16
03 29 2019 20:13:55,31.11
03 29 2019 20:14:55,31.2
03 29 2019 20:15:55,31.2
03 29 2019 20:16:55,31.25
03 29 2019 20:17:55,31.13
03 29 2019 20:18:55,31.27
03 29 2019 20:19:55,31.21
03 29 2019 20:20:55,31.02
03 29 2019 20:21:56,31.25
03 29 2019 20:22:56,31.18
03 29 2019 20:23:56,31.21
03 29 2019 20:24:56,31.25
03 29 2019 20:25:56,31.36
03 29 2019 20:26:56,31.32
03 29 2019 20:27:56,31.3
03 29 2019 20:28:56,31.29
03 29 2019 20:29:56,31.5
03 29 2019 20:30:56,31.39
03 29 2019 20:31:56,31.34
03 29 2019 20:32:56,31.46
03 29 2019 20:33:56,31.29
03 29 2019 20:34:56,31.41
03 29 2019 20:35:57,31.36
03 29 2019 20:36:57,31.41
03 29 2019 20:37:57,31.48
03 29 2019 20:38:57,31.44
03 29 2019 20:39:57,31.43
03 29 2019 20:40:57,31.37
03 29 2019 20:41:57,31.27
03 29 2019 20:42:57,31.41
03 29 2019 20:43:57,31.64
03 29 2019 20:44:57,31.48
03 29 2019 20:45:57,31.41
03 29 2019 20:46:57,31.29
03 29 2019 20:47:57,31.5
03 29 2019 20:48:57,31.23
03 29 2019 20:49:58,31.06
03 29 2019 20:50:58,31.21
03 29 2019 20:51:58,31.13
03 29 2019 20:52:58,30.97
03 29 2019 20:53:58,31.25
03 29 2019 20:54:58,30.97
03 29 2019 20:55:58,30.88
03 29 2019 20:56:58,31.11
03 29 2019 20:57:58,31.0
03 29 2019 20:58:58,31.23
03 29 2019 20:59:58,30.97
03 29 2019 21:00:58,30.97
03 29 2019 21:01:58,31.02
03 29 2019 21:02:58,30.91
03 29 2019 21:03:58,30.95
03 29 2019 21:04:58,31.02
03 29 2019 21:05:58,30.95
03 29 2019 21:06:58,30.93
03 29 2019 21:07:59,30.91
03 29 2019 21:08:59,30.97
03 29 2019 21:09:59,31.09
03 29 2019 21:10:59,31.04
03 29 2019 21:11:59,30.88
03 29 2019 21:12:59,31.14
03 29 2019 21:13:59,30.97
03 29 2019 21:14:59,31.11
03 29 2019 21:15:59,31.0
03 29 2019 21:16:59,31.23
03 29 2019 21:17:59,31.2
03 29 2019 21:18:59,31.25
03 29 2019 21:19:59,31.04
03 29 2019 21:20:59,31.06
03 29 2019 21:21:59,31.13
03 29 2019 21:23:00,31.14
03 29 2019 21:24:00,31.21
03 29 2019 21:25:00,31.11
03 29 2019 21:26:00,31.14
03 29 2019 21:27:00,31.21
03 29 2019 21:28:00,31.16
03 29 2019 21:29:00,31.3
03 29 2019 21:30:00,31.07
03 29 2019 21:31:00,31.2
03 29 2019 21:32:00,31.14
03 29 2019 21:33:00,31.16
03 29 2019 21:34:00,31.29
03 29 2019 21:35:00,31.16
03 29 2019 21:36:00,31.21
03 29 2019 21:37:01,31.29
03 29 2019 21:38:01,31.36
03 29 2019 21:39:01,31.29
03 29 2019 21:40:01,31.34
03 29 2019 21:41:01,31.23
03 29 2019 21:42:01,31.37
03 29 2019 21:43:01,31.32
03 29 2019 21:44:01,31.36
03 29 2019 21:45:01,31.29
03 29 2019 21:46:01,31.32
03 29 2019 21:47:01,31.25
03 29 2019 21:48:01,31.3
03 29 2019 21:49:01,31.18
03 29 2019 21:50:01,31.23
03 29 2019 21:51:01,31.13
03 29 2019 21:52:01,31.3
03 29 2019 21:53:01,31.32
03 29 2019 21:54:01,31.3
03 29 2019 21:55:01,31.36
03 29 2019 21:56:02,31.36
03 29 2019 21:57:02,31.34
03 29 2019 21:58:02,31.3
03 29 2019 21:59:02,31.48
03 29 2019 22:00:02,31.37
03 29 2019 22:01:02,31.37
03 29 2019 22:02:02,31.3
03 29 2019 22:03:02,31.3
03 29 2019 22:04:02,31.27
03 29 2019 22:05:02,31.29
03 29 2019 22:06:02,31.44
03 29 2019 22:07:02,31.44
03 29 2019 22:08:02,31.32
03 29 2019 22:09:02,31.46
03 29 2019 22:10:02,31.34
03 29 2019 22:11:02,31.55
03 29 2019 22:12:02,31.52
03 29 2019 22:13:02,31.29
03 29 2019 22:14:02,31.39
03 29 2019 22:15:02,31.36
03 29 2019 22:16:02,31.25
03 29 2019 22:17:03,31.06
03 29 2019 22:18:03,31.16
03 29 2019 22:19:03,31.16
03 29 2019 22:20:03,31.14
03 29 2019 22:21:03,31.02
03 29 2019 22:22:03,31.0
03 29 2019 22:23:03,31.02
03 29 2019 22:24:03,31.06
03 29 2019 22:25:03,30.91
03 29 2019 22:26:03,30.97
03 29 2019 22:27:03,30.95
03 29 2019 22:28:03,31.0
03 29 2019 22:29:03,30.98
03 29 2019 22:30:03,30.95
03 29 2019 22:31:03,31.07
03 29 2019 22:32:03,31.09
03 29 2019 22:33:03,31.02
03 29 2019 22:34:03,31.11
03 29 2019 22:35:04,31.11
03 29 2019 22:36:04,30.84
03 29 2019 22:37:04,31.11
03 29 2019 22:38:04,31.07
03 29 2019 22:39:04,30.97
03 29 2019 22:40:04,31.07
03 29 2019 22:41:04,30.91
03 29 2019 22:42:04,31.02
03 29 2019 22:43:04,31.0
03 29 2019 22:44:04,30.98
03 29 2019 22:45:04,31.02
03 29 2019 22:46:04,30.93
03 29 2019 22:47:04,31.16
03 29 2019 22:48:04,31.09
03 29 2019 22:49:04,31.07
03 29 2019 22:50:04,31.06
03 29 2019 22:51:05,31.11
03 29 2019 22:52:05,31.29
03 29 2019 22:53:05,31.18
03 29 2019 22:54:05,31.16
03 29 2019 22:55:05,31.13
03 29 2019 22:56:05,31.0
03 29 2019 22:57:05,31.23
03 29 2019 22:58:05,31.14
03 29 2019 22:59:05,31.34
03 29 2019 23:00:05,31.23
03 29 2019 23:01:05,31.25
03 29 2019 23:02:05,31.25
03 29 2019 23:03:05,31.27
03 29 2019 23:04:05,31.3
03 29 2019 23:05:05,31.3
03 29 2019 23:06:05,31.32
03 29 2019 23:07:06,31.14
03 29 2019 23:08:06,31.2
03 29 2019 23:09:06,31.2
03 29 2019 23:10:06,31.14
03 29 2019 23:11:06,31.23
03 29 2019 23:12:06,31.32
03 29 2019 23:13:06,31.3
03 29 2019 23:14:06,31.3
03 29 2019 23:15:06,31.34
03 29 2019 23:16:06,31.41
03 29 2019 23:17:06,31.36
03 29 2019 23:18:06,31.11
03 29 2019 23:19:06,31.39
03 29 2019 23:20:06,31.25
03 29 2019 23:21:07,31.39
03 29 2019 23:22:07,31.37
03 29 2019 23:23:07,31.32
03 29 2019 23:24:07,31.39
03 29 2019 23:25:07,31.5
03 29 2019 23:26:07,31.34
03 29 2019 23:27:07,31.44
03 29 2019 23:28:07,31.27
03 29 2019 23:29:07,31.21
03 29 2019 23:30:07,31.41
03 29 2019 23:31:07,31.36
03 29 2019 23:32:07,31.34
03 29 2019 23:33:07,31.36
03 29 2019 23:34:07,31.43
03 29 2019 23:35:07,31.39
03 29 2019 23:36:07,31.23
03 29 2019 23:37:07,31.43
03 29 2019 23:38:07,31.37
03 29 2019 23:39:07,31.2
03 29 2019 23:40:07,31.16
03 29 2019 23:41:08,31.2
03 29 2019 23:42:08,31.16
03 29 2019 23:43:08,31.27
03 29 2019 23:44:08,31.16
03 29 2019 23:45:08,31.06
03 29 2019 23:46:08,31.21
03 29 2019 23:47:08,31.07
03 29 2019 23:48:08,31.09
03 29 2019 23:49:08,31.0
03 29 2019 23:50:08,31.13
03 29 2019 23:51:08,31.0
03 29 2019 23:52:08,31.0
03 29 2019 23:53:08,31.09
03 29 2019 23:54:08,31.09
03 29 2019 23:55:08,30.95
03 29 2019 23:56:08,30.9
03 29 2019 23:57:08,30.95
03 29 2019 23:58:08,31.11
03 29 2019 23:59:09,30.91
