12:00:44,26.32
12:01:44,26.46
12:02:44,25.66
12:03:44,27.16
12:04:44,26.49
12:05:44,25.95
12:06:44,26.53
12:07:44,26.38
12:08:44,27.09
12:09:44,27.08
12:10:44,27.11
12:11:44,26.16
12:12:44,26.98
12:13:44,26.43
12:14:45,26.26
12:15:45,26.12
12:16:45,26.31
12:17:45,26.83
12:18:45,26.11
12:19:45,26.68
12:20:45,26.64
12:21:45,25.65
12:22:45,25.39
12:23:45,26.62
12:24:45,26.31
12:25:45,26.1
12:26:45,25.21
12:27:45,25.95
12:28:45,25.32
12:29:45,25.48
12:30:45,25.44
12:31:45,24.87
12:32:46,25.32
12:33:46,24.68
12:34:46,25.36
12:35:46,25.37
12:36:46,24.96
12:37:46,25.51
12:38:46,24.22
12:39:46,25.38
12:40:46,25.05
12:41:46,24.96
12:42:46,25.36
12:43:46,25.49
12:44:46,24.57
12:45:46,25.56
12:46:46,24.37
12:47:46,25.09
12:48:46,25.33
12:49:46,24.82
12:50:46,25.43
12:51:47,25.1
12:52:47,24.97
12:53:47,24.17
12:54:47,24.85
12:55:47,24.72
12:56:47,24.66
12:57:47,24.11
12:58:47,24.69
12:59:47,24.82
01:00:47,24.42
01:01:47,24.75
01:02:47,24.95
01:03:47,24.59
01:04:47,24.59
01:05:47,24.76
01:06:47,24.6
01:07:47,24.66
01:08:47,24.37
01:09:48,24.01
01:10:48,25.02
01:11:48,24.36
01:12:48,25.22
01:13:48,24.92
01:14:48,24.78
01:15:48,23.99
01:16:48,24.25
01:17:48,24.68
01:18:48,24.6
01:19:48,24.73
01:20:48,24.74
01:21:48,24.52
01:22:48,24.81
01:23:48,24.62
01:24:48,25.12
01:25:48,24.71
01:26:49,24.09
01:27:49,24.23
01:28:49,24.76
01:29:49,24.66
01:30:49,24.34
01:31:49,24.08
01:32:49,25.02
01:33:49,24.32
01:34:49,24.69
01:35:49,24.43
01:36:49,24.5
01:37:49,24.12
01:38:49,24.38
01:39:49,24.5
01:40:50,24.27
01:41:50,23.82
01:42:50,24.38
01:43:50,24.31
01:44:50,24.12
01:45:50,24.22
01:46:50,24.71
01:47:50,24.62
01:48:50,24.03
01:49:50,23.54
01:50:50,23.73
01:51:50,24.74
01:52:50,24.2
01:53:50,24.31
01:54:50,24.46
01:55:50,23.9
01:56:51,24.05
01:57:51,24.07
01:58:51,24.2
01:59:51,24.2
02:00:51,23.88
02:01:51,24.44
02:02:51,24.23
02:03:51,24.09
02:04:51,24.57
02:05:51,23.5
02:06:51,24.71
02:07:51,23.92
02:08:51,24.16
02:09:51,24.19
02:10:51,23.9
02:11:51,23.65
02:12:51,23.81
02:13:51,24.26
02:14:51,23.7
02:15:52,23.67
02:16:52,24.09
02:17:52,24.01
02:18:52,23.68
02:19:52,23.62
02:20:52,24.49
02:21:52,24.5
02:22:52,23.55
02:23:52,23.15
02:24:52,23.27
02:25:52,23.34
02:26:52,23.61
02:27:52,23.85
02:28:52,23.84
02:29:53,23.73
02:30:53,23.25
02:31:53,23.48
02:32:53,24.27
02:33:53,23.68
02:34:53,24.04
02:35:53,23.69
02:36:53,23.47
02:37:53,23.78
02:38:53,23.92
02:39:53,23.54
02:40:53,23.41
02:41:53,23.52
02:42:53,23.34
02:43:53,23.62
02:44:53,23.41
02:45:54,23.83
02:46:54,23.71
02:47:54,22.7
02:48:54,23.61
02:49:54,23.5
02:50:54,23.68
02:51:54,23.04
02:52:54,23.22
02:53:54,23.33
02:54:54,23.17
02:55:54,23.84
02:56:54,23.53
02:57:54,23.41
02:58:54,23.27
02:59:54,23.83
03:00:54,23.5
03:01:54,22.75
03:02:54,23.04
03:03:54,23.25
03:04:55,23.54
03:05:55,24.46
03:06:55,23.6
03:07:55,22.36
03:08:55,22.57
03:09:55,23.64
03:10:55,22.75
03:11:55,23.07
03:12:55,23.37
03:13:55,23.89
03:14:55,23.38
03:15:55,23.82
03:16:55,23.37
03:17:55,24.61
03:18:55,24.82
03:19:55,25.97
03:20:55,24.32
03:21:56,24.43
03:22:56,24.47
03:23:56,24.69
03:24:56,24.4
03:25:56,24.83
03:26:56,25.08
03:27:56,25.08
03:28:56,25.46
03:29:56,25.23
03:30:56,25.3
03:31:56,24.82
03:32:56,26.02
03:33:56,26.13
03:34:56,25.5
03:35:56,25.77
03:36:57,26.27
03:37:57,25.05
03:38:57,25.93
03:39:57,25.69
03:40:57,25.02
03:41:57,25.2
03:42:57,25.56
03:43:57,25.93
03:44:57,26.45
03:45:57,25.16
03:46:57,25.7
03:47:57,25.41
03:48:57,25.46
03:49:57,24.88
03:50:58,24.72
03:51:58,25.0
03:52:58,25.18
03:53:58,25.41
03:54:58,25.42
03:55:58,24.93
03:56:58,25.58
03:57:58,25.29
03:58:58,24.83
03:59:58,25.82
04:00:58,24.62
04:01:58,24.75
04:02:58,25.6
04:03:58,25.04
04:04:58,25.14
04:05:58,25.1
04:06:58,25.19
04:07:59,24.97
04:08:59,24.41
04:09:59,24.51
04:10:59,25.16
04:11:59,25.49
04:12:59,25.11
04:13:59,24.94
04:14:59,24.87
04:15:59,24.77
04:16:59,25.36
04:17:59,24.22
04:18:59,24.45
04:19:59,24.41
04:20:59,24.94
04:22:00,25.0
04:23:00,25.34
04:24:00,24.79
04:25:00,23.99
04:26:00,24.44
04:27:00,24.52
04:28:00,24.83
04:29:00,24.4
04:30:00,24.78
04:31:00,23.94
04:32:00,24.96
04:33:00,24.4
04:34:00,24.28
04:35:00,24.07
04:36:01,24.13
04:37:01,24.5
04:38:01,23.85
04:39:01,24.11
04:40:01,23.89
04:41:01,24.32
04:42:01,24.79
04:43:01,23.56
04:44:01,24.54
04:45:01,24.28
04:46:01,24.75
04:47:01,24.88
04:48:01,22.46
04:49:01,24.67
04:50:02,24.18
04:51:02,24.64
04:52:02,24.79
04:53:02,24.81
04:54:02,24.27
04:55:02,24.62
04:56:02,25.0
04:57:02,25.01
04:58:02,24.96
04:59:02,25.49
05:00:02,25.48
05:01:02,24.87
05:02:02,25.25
05:03:03,25.74
05:04:03,25.4
05:05:03,25.93
05:06:03,25.72
05:07:03,26.62
05:08:03,26.21
05:09:03,26.18
05:10:03,26.26
05:11:03,26.53
05:12:03,26.06
05:13:03,25.94
05:14:03,26.11
05:15:04,25.6
05:16:04,27.0
05:17:04,25.54
05:18:04,26.03
05:19:04,26.31
05:20:04,25.57
05:21:04,26.1
05:22:04,26.23
05:23:04,26.78
05:24:04,26.19
05:25:04,26.35
05:26:04,26.15
05:27:04,26.17
05:28:04,25.92
05:29:05,25.4
05:30:05,26.06
05:31:05,26.29
05:32:05,25.93
05:33:05,25.77
05:34:05,25.64
05:35:05,25.86
05:36:05,26.18
05:37:05,26.6
05:38:05,25.87
05:39:05,26.01
05:40:05,25.71
05:41:05,25.58
05:42:05,25.39
05:43:06,26.17
05:44:06,25.59
05:45:06,25.7
05:46:06,25.75
05:47:06,26.01
05:48:06,24.98
05:49:06,25.09
05:50:06,25.95
05:51:06,25.65
05:52:06,25.73
05:53:06,25.56
05:54:06,26.09
05:55:06,25.04
05:56:06,25.51
05:57:06,25.95
05:58:07,26.12
05:59:07,25.32
06:00:07,25.3
06:01:07,25.05
06:02:07,26.03
06:03:07,25.73
06:04:07,25.09
06:05:07,25.44
06:06:07,25.5
06:07:07,25.86
06:08:07,25.1
06:09:07,26.09
06:10:07,25.83
06:11:07,25.52
06:12:07,25.44
06:13:08,25.31
06:14:08,25.44
06:15:08,24.78
06:16:08,25.49
06:17:08,25.81
06:18:08,24.88
06:19:08,24.95
06:20:08,25.98
06:21:08,25.57
06:22:08,25.9
06:23:08,25.85
06:24:08,26.22
06:25:08,25.71
06:26:08,25.96
06:27:08,26.73
06:28:09,26.58
06:29:09,25.54
06:30:09,25.8
06:31:09,26.32
06:32:09,26.26
06:33:09,25.92
06:34:09,26.42
06:35:09,26.3
06:36:09,25.91
06:37:09,25.74
06:38:09,26.42
06:39:09,25.73
06:40:09,26.25
06:41:09,26.77
06:42:10,26.15
06:43:10,26.42
06:44:10,25.81
06:45:10,25.85
06:46:10,25.69
06:47:10,26.0
06:48:10,25.89
06:49:10,26.38
06:50:10,26.05
06:51:10,26.13
06:52:10,26.84
06:53:10,25.88
06:54:11,25.16
06:55:11,25.39
06:56:11,25.58
06:57:11,26.57
06:58:11,25.68
06:59:11,26.15
07:00:11,25.65
07:01:11,25.05
07:02:11,25.92
07:03:11,25.58
07:04:11,26.12
07:05:11,25.78
07:06:11,25.41
07:07:11,25.49
07:08:11,26.09
07:09:12,25.99
07:10:12,25.55
07:11:12,25.27
07:12:12,25.58
07:13:12,25.75
07:14:12,26.08
07:15:12,25.54
07:16:12,25.6
07:17:12,25.85
07:18:12,25.91
07:19:12,24.69
07:20:12,25.48
07:21:12,25.4
07:22:12,25.16
07:23:12,24.98
07:24:13,25.17
07:25:13,25.38
07:26:13,25.15
07:27:13,25.51
07:28:13,25.38
07:29:13,25.21
07:30:13,24.83
07:31:13,25.64
07:32:13,25.82
07:33:13,26.0
07:34:13,25.61
07:35:13,25.57
07:36:13,25.5
07:37:13,25.74
07:38:13,25.78
07:39:14,25.75
07:40:14,25.53
07:41:14,25.39
07:42:14,25.52
07:43:14,26.17
07:44:14,25.71
07:45:14,26.08
07:46:14,26.39
07:47:14,25.48
07:48:14,26.78
07:49:14,26.43
07:50:14,26.13
07:51:14,25.97
07:52:14,25.99
07:53:15,27.72
07:54:15,26.27
07:55:15,27.4
07:56:15,26.47
07:57:15,26.54
07:58:15,26.3
07:59:15,26.88
08:00:15,26.48
08:01:15,26.98
08:02:15,26.3
08:03:15,26.47
08:04:15,26.59
08:05:15,26.94
08:06:15,26.64
08:07:15,26.84
08:08:15,25.03
08:09:15,25.98
08:10:16,26.7
08:11:16,26.32
08:12:16,25.9
08:13:16,27.23
08:14:16,26.55
08:15:16,24.4
08:16:16,26.69
08:17:16,25.88
08:18:16,26.86
08:19:16,26.87
08:20:16,27.44
08:21:16,27.0
08:22:16,26.52
08:23:17,27.19
08:24:17,27.34
08:25:17,27.38
08:26:17,26.84
08:27:17,26.74
08:28:17,26.09
08:29:17,26.89
08:30:17,26.73
08:31:17,24.72
08:32:17,26.42
08:33:17,26.84
08:34:17,26.82
08:35:17,27.43
08:36:17,27.3
08:37:17,27.52
08:38:17,27.65
08:39:18,27.15
08:40:18,27.31
08:41:18,26.97
08:42:18,26.63
08:43:18,27.07
08:44:18,26.76
08:45:18,26.61
08:46:18,27.03
08:47:18,27.04
08:48:18,26.96
08:49:18,27.53
08:50:18,27.43
08:51:18,26.12
08:52:18,27.68
08:53:18,27.05
08:54:19,27.52
08:55:19,27.08
08:56:19,26.84
08:57:19,27.33
08:58:19,26.7
08:59:19,27.07
09:00:19,26.75
09:01:19,26.97
09:02:19,26.91
09:03:19,27.16
09:04:19,26.93
09:05:19,26.35
09:06:19,27.08
09:07:19,26.95
09:08:20,27.19
09:09:20,26.97
09:10:20,26.95
09:11:20,27.08
09:12:20,27.78
09:13:20,27.08
09:14:20,26.19
09:15:20,27.25
09:16:20,27.29
09:17:20,27.01
09:18:20,27.14
09:19:20,27.31
09:20:20,27.08
09:21:21,27.12
09:22:21,26.59
09:23:21,27.15
09:24:21,27.37
09:25:21,27.62
09:26:21,27.72
09:27:21,26.55
09:28:21,27.31
09:29:21,27.12
09:30:21,26.8
09:31:21,26.9
09:32:21,26.87
09:33:21,26.14
09:34:21,27.66
09:35:21,26.88
09:36:21,27.1
09:37:21,26.71
09:38:22,27.2
09:39:22,26.63
09:40:22,26.46
09:41:22,26.26
09:42:22,26.33
09:43:22,26.03
09:44:22,26.45
09:45:22,26.57
09:46:22,26.33
09:47:22,26.17
09:48:22,26.37
09:49:22,26.4
09:50:22,25.98
09:51:22,26.47
09:52:22,26.26
09:53:22,26.03
09:54:22,26.58
09:55:22,26.28
09:56:23,25.6
09:57:23,26.11
09:58:23,26.17
09:59:23,26.04
10:00:23,26.21
10:01:23,26.55
10:02:23,26.28
10:03:23,25.6
10:04:23,25.94
10:05:23,26.34
10:06:23,26.18
10:07:23,26.89
10:08:23,26.51
10:09:23,26.52
10:10:23,26.53
10:11:23,27.19
10:12:23,26.37
10:13:24,25.92
10:14:24,25.98
10:15:24,26.59
10:16:24,26.95
10:17:24,26.63
10:18:24,26.74
10:19:24,27.4
10:20:24,26.28
10:21:24,26.22
10:22:24,26.67
10:23:24,26.48
10:24:24,27.09
10:25:24,27.48
10:26:24,27.24
10:27:25,26.9
10:28:25,27.35
10:29:25,26.76
10:30:25,26.58
10:31:25,26.54
10:32:25,26.53
10:33:25,27.8
10:34:25,26.64
10:35:25,27.09
10:36:25,27.52
10:37:25,27.14
10:38:25,27.23
10:39:25,27.61
10:40:25,27.1
10:41:25,27.04
10:42:26,26.65
10:43:26,26.95
10:44:26,27.58
10:45:26,26.89
10:46:26,27.07
10:47:26,26.59
10:48:26,26.84
10:49:26,27.19
10:50:26,26.97
10:51:26,25.78
10:52:26,27.41
10:53:26,27.1
10:54:26,27.32
10:55:26,27.15
10:56:26,27.22
10:57:27,27.3
10:58:27,28.23
10:59:27,27.95
11:00:27,27.18
11:01:27,27.07
11:02:27,26.95
11:03:27,27.09
11:04:27,27.78
11:05:27,27.36
11:06:27,27.19
11:07:27,27.37
11:08:27,27.14
11:09:27,26.78
11:10:27,27.43
11:11:27,27.8
11:12:27,27.14
11:13:27,27.41
11:14:27,26.45
11:15:28,27.4
11:16:28,27.41
11:17:28,26.84
11:18:28,27.47
11:19:28,27.46
11:20:28,27.98
11:21:28,27.25
11:22:28,27.47
11:23:28,27.51
11:24:28,27.3
11:25:28,27.08
11:26:28,27.39
11:27:28,27.49
11:28:28,27.22
11:29:29,27.75
11:30:29,27.33
11:31:29,27.27
11:32:29,27.47
11:33:29,27.45
11:34:29,27.93
11:35:29,27.99
11:36:29,27.18
11:37:29,27.56
11:38:29,27.99
11:39:29,27.46
11:40:29,27.17
11:41:29,27.63
11:42:29,27.2
11:43:29,27.23
11:44:29,27.52
11:45:29,27.47
11:46:30,27.6
11:47:30,27.36
11:48:30,27.53
11:49:30,27.42
11:50:30,27.79
11:51:30,27.6
11:52:30,26.81
11:53:30,27.44
11:54:30,26.97
11:55:30,27.4
11:56:30,27.91
11:57:30,28.05
11:58:30,27.5
11:59:30,27.61
12:00:31,27.41
12:01:31,27.86
12:02:31,27.03
12:03:31,27.12
12:04:31,27.38
12:05:31,26.95
12:06:31,27.33
12:07:31,27.62
12:08:31,27.42
12:09:31,27.4
12:10:31,26.46
12:11:31,27.47
12:12:31,26.69
12:13:31,27.06
12:14:31,27.38
12:15:31,27.95
12:16:31,27.31
12:17:31,27.45
12:18:32,27.07
12:19:32,27.2
12:20:32,27.75
12:21:32,27.16
12:22:32,26.76
12:23:32,27.13
12:24:32,27.07
12:25:32,27.26
12:26:32,26.84
12:27:32,28.2
12:28:32,27.47
12:29:32,27.15
12:30:32,26.96
12:31:32,27.21
12:32:32,27.87
12:33:33,27.28
12:34:33,28.05
12:35:33,28.01
12:36:33,27.1
12:37:33,27.43
12:38:33,27.54
12:39:33,26.95
12:40:33,27.4
12:41:33,27.97
12:42:33,27.46
12:43:33,27.34
12:44:33,27.1
12:45:33,26.67
12:46:33,27.81
12:47:33,26.62
12:48:34,27.28
12:49:34,27.37
12:50:34,26.44
12:51:34,27.37
12:52:34,27.76
12:53:34,27.85
12:54:34,27.97
12:55:34,27.22
12:56:34,27.37
12:57:34,27.43
12:58:34,27.27
12:59:34,27.26
01:00:34,27.42
01:01:34,26.99
01:02:34,27.04
01:03:34,27.46
01:04:35,27.44
01:05:35,26.86
01:06:35,27.09
01:07:35,27.11
01:08:35,27.03
01:09:35,27.7
01:10:35,27.46
01:11:35,27.45
01:12:35,27.44
01:13:35,27.9
01:14:35,27.52
01:15:35,27.63
01:16:35,27.83
01:17:35,28.03
01:18:35,27.75
01:19:35,27.66
01:20:35,27.04
01:21:35,27.35
01:22:35,27.53
01:23:36,26.89
01:24:36,27.74
01:25:36,27.58
01:26:36,27.44
01:27:36,27.93
01:28:36,27.55
01:29:36,26.98
01:30:36,27.44
01:31:36,28.0
01:32:36,27.75
01:33:36,27.3
01:34:36,27.29
01:35:36,28.12
01:36:36,27.42
01:37:36,27.35
01:38:36,27.51
01:39:36,27.41
01:40:36,27.05
01:41:37,27.82
01:42:37,26.98
01:43:37,27.44
01:44:37,27.45
01:45:37,27.64
01:46:37,27.52
01:47:37,27.98
01:48:37,26.96
01:49:37,27.45
01:50:37,27.05
01:51:37,27.22
01:52:37,27.53
01:53:37,27.66
01:54:37,27.99
01:55:37,27.05
01:56:38,27.61
01:57:38,27.38
01:58:38,27.69
01:59:38,27.84
02:00:38,27.55
02:01:38,27.65
02:02:38,26.95
02:03:38,27.5
02:04:38,27.37
02:05:38,27.84
02:06:38,27.69
02:07:38,27.35
02:08:38,27.56
02:09:38,26.92
02:10:39,27.9
02:11:39,27.96
02:12:39,27.46
02:13:39,27.5
02:14:39,27.15
02:15:39,27.12
02:16:39,27.09
02:17:39,27.21
02:18:39,27.41
02:19:39,27.66
02:20:39,27.52
02:21:39,27.17
02:22:39,27.03
02:23:39,27.66
02:24:40,28.01
02:25:40,27.59
02:26:40,27.69
02:27:40,27.74
02:28:40,27.48
02:29:40,27.49
02:30:40,27.66
02:31:40,27.47
02:32:40,27.52
02:33:40,27.43
02:34:40,27.62
02:35:40,27.54
02:36:40,27.67
02:37:40,27.69
02:38:40,27.98
02:39:41,28.1
02:40:41,27.57
02:41:41,27.16
02:42:41,27.08
02:43:41,27.47
02:44:41,28.1
02:45:41,27.47
02:46:41,27.75
02:47:41,27.53
02:48:41,27.58
02:49:41,27.76
02:50:41,27.68
02:51:41,27.7
02:52:41,26.96
02:53:41,26.99
02:54:42,27.12
02:55:42,27.89
02:56:42,27.14
02:57:42,27.2
02:58:42,27.77
02:59:42,27.05
03:00:42,27.55
03:01:42,28.34
03:02:42,27.79
03:03:42,28.1
03:04:42,27.16
03:05:42,28.17
03:06:42,27.59
03:07:42,27.79
03:08:42,28.56
03:09:42,27.59
03:10:42,27.92
03:11:42,27.71
03:12:43,27.57
03:13:43,27.46
03:14:43,27.58
03:15:43,27.1
03:16:43,27.64
03:17:43,27.58
03:18:43,28.12
03:19:43,27.17
03:20:43,28.17
03:21:43,27.71
03:22:43,27.84
03:23:43,27.63
03:24:43,27.58
03:25:44,27.58
03:26:44,27.26
03:27:44,27.88
03:28:44,27.32
03:29:44,27.29
03:30:44,27.27
03:31:44,27.15
03:32:44,28.09
03:33:44,28.3
03:34:44,27.6
03:35:44,27.87
03:36:44,27.14
03:37:44,27.99
03:38:44,28.25
03:39:44,27.67
03:40:45,27.19
03:41:45,27.39
03:42:45,27.45
03:43:45,28.28
03:44:45,27.78
03:45:45,28.03
03:46:45,27.69
03:47:45,27.62
03:48:45,27.72
03:49:45,28.24
03:50:45,28.06
03:51:45,28.29
03:52:45,28.23
03:53:45,27.05
03:54:45,27.85
03:55:45,27.6
03:56:46,27.79
03:57:46,27.71
03:58:46,27.44
03:59:46,28.36
04:00:46,27.57
04:01:46,27.41
04:02:46,27.67
04:03:46,27.64
04:04:46,28.08
04:05:46,28.08
04:06:46,27.8
04:07:46,28.12
04:08:46,27.5
04:09:46,27.59
04:10:47,27.63
04:11:47,27.46
04:12:47,27.68
04:13:47,27.69
04:14:47,27.63
04:15:47,27.53
04:16:47,28.11
04:17:47,27.52
04:18:47,27.93
04:19:47,27.79
04:20:47,27.52
04:21:47,30.17
04:22:47,28.44
04:23:47,28.14
04:24:47,28.03
04:25:47,27.75
04:26:48,27.35
04:27:48,27.31
04:28:48,27.65
04:29:48,27.37
04:30:48,27.75
04:31:48,27.88
04:32:48,27.57
04:33:48,28.05
04:34:48,27.84
04:35:48,28.26
04:36:48,27.63
04:37:48,27.74
04:38:48,27.65
04:39:48,27.52
04:40:48,27.42
04:41:48,27.24
04:42:48,28.43
04:43:48,27.32
04:44:48,27.7
04:45:48,27.92
04:46:48,27.28
04:47:49,27.84
04:48:49,27.17
04:49:49,27.54
04:50:49,27.95
04:51:49,27.28
04:52:49,27.36
04:53:49,27.81
04:54:49,28.38
04:55:49,27.57
04:56:49,27.56
04:57:49,27.61
04:58:49,27.61
04:59:49,27.27
05:00:49,27.69
05:01:49,27.48
05:02:50,27.96
05:03:50,27.65
05:04:50,28.24
05:05:50,27.83
05:06:50,27.91
05:07:50,27.89
05:08:50,28.36
05:09:50,28.28
05:10:50,28.06
05:11:50,27.48
05:12:50,27.54
05:13:50,27.71
05:14:50,27.96
05:15:50,27.72
05:16:51,28.44
05:17:51,27.74
05:18:51,28.27
05:19:51,28.05
05:20:51,28.07
05:21:51,27.78
05:22:51,27.53
05:23:51,28.19
05:24:51,26.54
05:25:51,27.69
05:26:51,27.5
05:27:51,27.54
05:28:51,27.19
05:29:51,27.39
05:30:51,28.31
05:31:52,27.57
05:32:52,27.94
05:33:52,27.64
05:34:52,27.18
05:35:52,27.63
05:36:52,28.04
05:37:52,27.6
05:38:52,27.74
05:39:52,28.0
05:40:52,28.2
05:41:52,27.33
05:42:52,27.36
05:43:53,27.51
05:44:53,27.4
05:45:53,27.24
05:46:53,27.1
05:47:53,28.08
05:48:53,27.78
05:49:53,28.11
05:50:53,27.37
05:51:53,27.02
05:52:53,27.81
05:53:53,27.09
05:54:53,28.29
05:55:53,27.33
05:56:54,27.71
05:57:54,27.27
05:58:54,27.52
05:59:54,27.52
06:00:54,27.68
06:01:54,27.51
06:02:54,27.68
06:03:54,27.54
06:04:54,27.87
06:05:54,27.39
06:06:54,27.41
06:07:54,27.89
06:08:54,28.11
06:09:55,27.0
06:10:55,27.86
06:11:55,28.37
06:12:55,27.61
06:13:55,28.4
06:14:55,27.78
06:15:55,27.8
06:16:55,28.24
06:17:55,27.13
06:18:55,27.5
06:19:55,27.83
06:20:55,27.62
06:21:55,27.95
06:22:56,27.65
06:23:56,27.71
06:24:56,27.33
06:25:56,27.37
06:26:56,27.87
06:27:56,27.29
06:28:56,27.58
06:29:56,27.25
06:30:56,27.99
06:31:56,27.48
06:32:56,27.46
06:33:56,27.93
06:34:56,27.82
06:35:56,27.51
06:36:56,28.75
06:37:56,27.75
06:38:56,27.55
06:39:56,27.63
06:40:56,27.67
06:41:56,27.88
06:42:57,27.62
06:43:57,28.09
06:44:57,27.6
06:45:57,27.28
06:46:57,28.27
06:47:57,27.47
06:48:57,27.51
06:49:57,27.69
06:50:57,27.18
06:51:57,27.22
06:52:57,27.34
06:53:57,26.9
06:54:57,27.03
06:55:57,26.98
06:56:58,27.51
06:57:58,27.23
06:58:58,26.67
06:59:58,27.56
07:00:58,27.3
07:01:58,27.26
07:02:58,27.17
07:03:58,27.09
07:04:58,27.05
07:05:58,27.11
07:06:58,26.88
07:07:58,26.57
07:08:58,27.12
07:09:58,26.96
07:10:59,27.29
07:11:59,26.32
07:12:59,26.36
07:13:59,27.18
07:14:59,26.28
07:15:59,26.52
07:16:59,25.85
07:17:59,26.31
07:18:59,26.06
07:19:59,25.69
07:20:59,25.97
07:21:59,24.85
07:22:59,25.91
07:23:59,25.1
07:24:59,25.49
07:26:00,24.34
07:27:00,25.62
07:28:00,25.65
07:29:00,24.57
07:30:00,25.37
07:31:00,24.94
07:32:00,25.09
07:33:00,25.29
07:34:00,25.11
07:35:00,24.76
07:36:00,24.73
07:37:00,24.76
07:38:00,24.59
07:39:00,24.37
07:40:00,24.19
07:41:00,24.27
07:42:01,24.46
07:43:01,24.01
07:44:01,24.51
07:45:01,24.1
07:46:01,24.01
07:47:01,23.98
07:48:01,23.57
07:49:01,23.9
07:50:01,23.87
07:51:01,23.66
07:52:01,24.01
07:53:01,23.67
07:54:01,23.41
07:55:01,23.89
07:56:01,24.41
07:57:02,23.71
07:58:02,23.28
07:59:02,23.95
08:00:02,24.45
08:01:02,23.78
08:02:02,23.29
08:03:02,24.09
08:04:02,23.77
08:05:02,24.29
08:06:02,24.53
08:07:02,24.26
08:08:02,24.19
08:09:02,23.65
08:10:02,23.66
08:11:02,23.99
08:12:03,23.54
08:13:03,23.41
08:14:03,23.02
08:15:03,23.23
08:16:03,23.74
08:17:03,23.47
08:18:03,23.69
08:19:03,24.14
08:20:03,24.06
08:21:03,23.27
08:22:03,23.8
08:23:03,23.73
08:24:03,23.64
08:25:03,23.36
08:26:03,22.64
08:27:03,22.85
08:28:03,23.77
08:29:04,23.22
08:30:04,23.11
08:31:04,23.59
08:32:04,23.87
08:33:04,23.48
08:34:04,22.63
08:35:04,22.65
08:36:04,23.49
08:37:04,23.12
08:38:04,23.14
08:39:04,22.91
08:40:04,23.21
08:41:04,23.13
08:42:04,23.37
08:43:04,23.35
08:44:04,22.49
08:45:05,23.41
08:46:05,22.96
08:47:05,23.2
08:48:05,23.68
08:49:05,22.65
08:50:05,22.92
08:51:05,23.75
08:52:05,23.06
08:53:05,23.87
08:54:05,23.02
08:55:05,22.73
08:56:05,23.23
08:57:05,22.63
08:58:05,22.12
08:59:05,22.69
09:00:05,22.84
09:01:06,22.73
09:02:06,22.71
09:03:06,22.19
09:04:06,22.53
09:05:06,22.94
09:06:06,22.87
09:07:06,22.66
09:08:06,22.42
09:09:06,22.75
09:10:06,22.64
09:11:06,22.43
09:12:06,22.0
09:13:06,22.91
09:14:06,22.8
09:15:06,22.59
09:16:07,22.55
09:17:07,22.93
09:18:07,22.64
09:19:07,22.18
09:20:07,22.58
09:21:07,22.49
09:22:07,23.07
09:23:07,22.95
09:24:07,22.92
09:25:07,23.38
09:26:07,22.94
09:27:07,22.97
09:28:07,24.01
09:29:07,24.22
09:30:07,23.63
09:31:08,24.34
09:32:08,24.03
09:33:08,23.65
09:34:08,22.52
09:35:08,24.08
09:36:08,23.44
09:37:08,24.56
09:38:08,24.41
09:39:08,24.42
09:40:08,24.55
09:41:08,24.24
09:42:08,23.99
09:43:08,24.27
09:44:08,23.47
09:45:08,23.62
09:46:08,23.97
09:47:09,24.51
09:48:09,24.06
09:49:09,23.66
09:50:09,23.43
09:51:09,23.74
09:52:09,24.51
09:53:09,23.71
09:54:09,23.69
09:55:09,24.53
09:56:09,23.84
09:57:09,24.27
09:58:09,24.63
09:59:09,23.51
10:00:09,23.93
10:01:09,23.88
10:02:09,24.1
10:03:10,23.91
10:04:10,23.83
10:05:10,23.58
10:06:10,24.03
10:07:10,23.93
10:08:10,23.88
10:09:10,23.15
10:10:10,23.77
10:11:10,23.57
10:12:10,23.4
10:13:10,24.1
10:14:10,23.93
10:15:10,23.88
10:16:10,24.05
10:17:10,24.13
10:18:10,23.2
10:19:10,23.41
10:20:11,24.57
10:21:11,23.4
10:22:11,23.55
10:23:11,24.11
10:24:11,23.51
10:25:11,23.81
10:26:11,23.45
10:27:11,23.71
10:28:11,23.78
10:29:11,21.69
10:30:11,24.04
10:31:11,24.14
10:32:11,23.84
10:33:11,24.4
10:34:12,23.78
10:35:12,24.07
10:36:12,24.31
10:37:12,23.98
10:38:12,24.11
10:39:12,23.61
10:40:12,24.11
10:41:12,24.55
10:42:12,24.27
10:43:12,24.13
10:44:12,25.34
10:45:12,24.22
10:46:12,24.9
10:47:13,24.89
10:48:13,24.67
10:49:13,24.55
10:50:13,25.16
10:51:13,24.27
10:52:13,25.15
10:53:13,25.95
10:54:13,25.74
10:55:13,25.66
10:56:13,25.4
10:57:13,25.88
10:58:13,24.67
10:59:13,25.3
11:00:13,25.58
11:01:14,25.35
11:02:14,25.7
11:03:14,25.82
11:04:14,25.66
11:05:14,25.75
11:06:14,25.7
11:07:14,25.83
11:08:14,25.5
11:09:14,25.94
11:10:14,26.46
11:11:14,25.77
11:12:14,25.63
11:13:14,25.2
11:14:14,25.89
11:15:14,25.89
11:16:14,25.17
11:17:14,25.86
11:18:15,25.97
11:19:15,25.72
11:20:15,25.46
11:21:15,25.88
11:22:15,26.24
11:23:15,25.73
11:24:15,26.97
11:25:15,25.97
11:26:15,25.93
11:27:15,25.74
11:28:15,26.1
11:29:15,26.2
11:30:15,25.88
11:31:15,26.36
11:32:15,26.17
11:33:16,25.49
11:34:16,26.5
11:35:16,26.48
11:36:16,26.47
11:37:16,26.41
11:38:16,25.78
11:39:16,26.76
11:40:16,25.9
11:41:16,26.68
11:42:16,26.17
11:43:16,25.14
11:44:16,26.31
11:45:16,26.19
11:46:17,25.86
11:47:17,26.36
11:48:17,25.52
11:49:17,26.96
11:50:17,26.14
11:51:17,25.64
11:52:17,26.58
11:53:17,26.29
11:54:17,25.82
11:55:17,26.63
11:56:17,25.83
11:57:17,26.36
11:58:17,26.18
11:59:17,26.52
